<BEGIN>;;;;;;;;;;;;;;
<Hydro generating units>;;;;;;;;;;;;;;
ID;Name;Hydro plant ID;Hydro plant name;Group ID;Group name;Bus ID;Minimum generation (MW);Maximum generation (MW);Minimum turbine discharge (m3/s);Maximum turbine discharge (m3/s);Turbine or Pump?;Conversion rate MW/(m3/s/) for pumps;ID Bus - DESSEM;Comments
1;G1-G.B. MUNHOZ;12;G.B. MUNHOZ;1;Group 1;800;240;418.5;290;360;Turbine;0;800;
2;G2-G.B. MUNHOZ;12;G.B. MUNHOZ;1;Group 1;800;240;418.5;290;360;Turbine;0;800;
3;G3-G.B. MUNHOZ;12;G.B. MUNHOZ;2;Group 2;800;240;418.5;300;372;Turbine;0;800;
4;G4-G.B. MUNHOZ;12;G.B. MUNHOZ;2;Group 2;800;240;418.5;300;372;Turbine;0;800;
1;G1-SALTO CAXIAS;24;SALTO CAXIAS;1;Group 1;808;235;310;415;525;Turbine;0;808;
2;G2-SALTO CAXIAS;24;SALTO CAXIAS;1;Group 1;808;235;310;415;525;Turbine;0;808;
3;G3-SALTO CAXIAS;24;SALTO CAXIAS;1;Group 1;808;235;310;415;525;Turbine;0;808;
4;G4-SALTO CAXIAS;24;SALTO CAXIAS;1;Group 1;808;235;310;415;525;Turbine;0;808;
1;G1-SLT.SANTIAGO;18;SLT.SANTIAGO;1;Group 1;925;270;355;360;382.27;Turbine;0;925;
2;G2-SLT.SANTIAGO;18;SLT.SANTIAGO;1;Group 1;925;270;355;360;382.27;Turbine;0;925;
3;G3-SLT.SANTIAGO;18;SLT.SANTIAGO;1;Group 1;926;270;355;360;382.27;Turbine;0;926;
4;G4-SLT.SANTIAGO;18;SLT.SANTIAGO;1;Group 1;926;270;355;360;382.27;Turbine;0;926;
1;G1-SEGREDO;23;SEGREDO;1;Group 1;810;165;315;209.7;349.5;Turbine;0;810;
2;G2-SEGREDO;23;SEGREDO;1;Group 1;810;165;315;209.7;349.5;Turbine;0;810;
3;G3-SEGREDO;23;SEGREDO;1;Group 1;810;165;315;209.7;349.5;Turbine;0;810;
4;G4-SEGREDO;23;SEGREDO;1;Group 1;810;165;315;209.7;349.5;Turbine;0;810;
1;G1-SALTO OSORIO;29;SALTO OSORIO;1;Group 1;919;130;182;173.4;289;Turbine;0;919;
2;G2-SALTO OSORIO;29;SALTO OSORIO;1;Group 1;919;130;182;173.4;289;Turbine;0;919;
3;G3-SALTO OSORIO;29;SALTO OSORIO;1;Group 1;919;130;182;173.4;289;Turbine;0;919;
4;G4-SALTO OSORIO;29;SALTO OSORIO;1;Group 1;919;130;182;173.4;289;Turbine;0;919;
5;G5-SALTO OSORIO;29;SALTO OSORIO;2;Group 2;919;130;177.5;173.4;289;Turbine;0;919;
6;G6-SALTO OSORIO;29;SALTO OSORIO;2;Group 2;919;130;177.5;173.4;289;Turbine;0;919;
1;G1-ITA;17;ITA;1;Group 1;904;200;290;215;313;Turbine;0;904;
2;G2-ITA;17;ITA;1;Group 1;904;200;290;215;313;Turbine;0;904;
3;G2-ITA;17;ITA;1;Group 1;904;200;290;215;313;Turbine;0;904;
4;G4-ITA;17;ITA;1;Group 1;904;200;290;215;313;Turbine;0;904;
5;G5-ITA;17;ITA;1;Group 1;904;200;290;215;313;Turbine;0;904;
1;G1-MACHADINHO;26;MACHADINHO;1;Group 1;915;260;380;320;435;Turbine;0;915;
2;G2-MACHADINHO;26;MACHADINHO;1;Group 1;915;260;380;320;435;Turbine;0;915;
3;G3-MACHADINHO;26;MACHADINHO;1;Group 1;915;260;380;320;435;Turbine;0;915;
1;G1-CAMPOS NOVOS;32;CAMPOS NOVOS;1;Group 1;1157;120;293.3;116.4;194;Turbine;0;1157;
2;G2-CAMPOS NOVOS;32;CAMPOS NOVOS;1;Group 1;1157;120;293.3;116.4;194;Turbine;0;1157;Group changed after network reduction
3;G3-CAMPOS NOVOS;32;CAMPOS NOVOS;1;Group 1;1157;120;293.3;116.4;194;Turbine;0;1157;Group changed after network reduction
1;G1-BARRA GRANDE;34;BARRA GRANDE;1;Group 1;1150;190;230;100;164.8;Turbine;0;1150;
2;G2-BARRA GRANDE;34;BARRA GRANDE;1;Group 1;1150;190;230;100;164.8;Turbine;0;1150;
3;G3-BARRA GRANDE;34;BARRA GRANDE;1;Group 1;1150;190;230;100;164.8;Turbine;0;1150;
1;G1-SERRA MESA;22;SERRA MESA;1;Group 1;36;240;425;320;397;Turbine;0;36;
2;G2-SERRA MESA;22;SERRA MESA;1;Group 1;36;240;425;320;397;Turbine;0;36;
3;G3-SERRA MESA;22;SERRA MESA;1;Group 1;36;240;425;320;397;Turbine;0;36;
1;G1-LAJEADO;31;LAJEADO;1;Group 1;7206;100;180.5;340;680;Turbine;0;7206;
2;G2-LAJEADO;31;LAJEADO;1;Group 1;7206;100;180.5;340;680;Turbine;0;7206;
3;G3-LAJEADO;31;LAJEADO;1;Group 1;7206;100;180.5;340;680;Turbine;0;7206;
4;G4-LAJEADO;31;LAJEADO;1;Group 1;7206;100;180.5;340;680;Turbine;0;7206;
5;G5-LAJEADO;31;LAJEADO;1;Group 1;7206;100;180.5;340;680;Turbine;0;7206;
1;G1-ESTREITO;28;ESTREITO TOC;1;Group 1;5595;80;135.9;471.6;786;Turbine;0;5595;
2;G2-ESTREITO;28;ESTREITO TOC;1;Group 1;5595;80;135.9;471.6;786;Turbine;0;5595;
3;G3-ESTREITO;28;ESTREITO TOC;1;Group 1;5595;80;135.9;471.6;786;Turbine;0;5595;
4;G4-ESTREITO;28;ESTREITO TOC;1;Group 1;5595;80;135.9;471.6;786;Turbine;0;5595;
5;G5-ESTREITO;28;ESTREITO TOC;1;Group 1;5595;80;135.9;471.6;786;Turbine;0;5595;
6;G6-ESTREITO;28;ESTREITO TOC;1;Group 1;5595;80;135.9;471.6;786;Turbine;0;5595;
7;G7-ESTREITO;28;ESTREITO TOC;1;Group 1;5595;80;135.9;471.6;786;Turbine;0;5595;
8;G8-ESTREITO;28;ESTREITO TOC;1;Group 1;5595;80;135.9;471.6;786;Turbine;0;5595;
1;G1-TUCURUI;2;TUCURUI;1;Group 1;6425;0;22.5;0;37;Turbine;0;6425;
2;G2-TUCURUI;2;TUCURUI;1;Group 1;6425;0;22.5;0;37;Turbine;0;6425;
3;G3-TUCURUI;2;TUCURUI;2;Group 2;6419;203;350;349.2;582;Turbine;0;6419;
4;G4-TUCURUI;2;TUCURUI;2;Group 2;6419;203;350;349.2;582;Turbine;0;6419;
5;G5-TUCURUI;2;TUCURUI;2;Group 2;6419;203;350;349.2;582;Turbine;0;6419;
6;G6-TUCURUI;2;TUCURUI;2;Group 2;6419;203;350;349.2;582;Turbine;0;6419;
7;G7-TUCURUI;2;TUCURUI;2;Group 2;6422;203;350;349.2;582;Turbine;0;6422;The group has been changed after network reduction
8;G8-TUCURUI;2;TUCURUI;2;Group 2;6422;203;350;349.2;582;Turbine;0;6422;The group has been changed after network reduction
9;G9-TUCURUI;2;TUCURUI;2;Group 2;6422;203;350;349.2;582;Turbine;0;6422;The group has been changed after network reduction
10;G10-TUCURUI;2;TUCURUI;2;Group 2;6422;203;350;349.2;582;Turbine;0;6422;The group has been changed after network reduction
11;G11-TUCURUI;2;TUCURUI;2;Group 2;6424;203;350;349.2;582;Turbine;0;6424;The group has been changed after network reduction
12;G12-TUCURUI;2;TUCURUI;2;Group 2;6424;203;350;349.2;582;Turbine;0;6424;The group has been changed after network reduction
13;G13-TUCURUI;2;TUCURUI;2;Group 2;6424;203;350;349.2;582;Turbine;0;6424;The group has been changed after network reduction
14;G14-TUCURUI;2;TUCURUI;2;Group 2;6424;203;350;349.2;582;Turbine;0;6424;The group has been changed after network reduction
15;G15-TUCURUI;2;TUCURUI;3;Group 3;6420;300;390;397.2;662;Turbine;0;6420;
16;G16-TUCURUI;2;TUCURUI;3;Group 3;6420;300;390;397.2;662;Turbine;0;6420;
17;G17-TUCURUI;2;TUCURUI;3;Group 3;6420;300;390;397.2;662;Turbine;0;6420;
18;G18-TUCURUI;2;TUCURUI;3;Group 3;6424;300;390;397.2;662;Turbine;0;6424;The group has been changed after network reduction
19;G19-TUCURUI;2;TUCURUI;3;Group 3;6424;300;390;397.2;662;Turbine;0;6424;The group has been changed after network reduction
20;G20-TUCURUI;2;TUCURUI;3;Group 3;6424;300;390;397.2;662;Turbine;0;6424;The group has been changed after network reduction
21;G21-TUCURUI;2;TUCURUI;3;Group 3;6424;300;390;397.2;662;Turbine;0;6424;The group has been changed after network reduction
22;G22-TUCURUI;2;TUCURUI;3;Group 3;6425;300;390;397.2;662;Turbine;0;6425;The group has been changed after network reduction
23;G23-TUCURUI;2;TUCURUI;3;Group 3;6425;300;390;397.2;662;Turbine;0;6425;The group has been changed after network reduction
24;G24-TUCURUI;2;TUCURUI;3;Group 3;6425;300;390;397.2;662;Turbine;0;6425;The group has been changed after network reduction
25;G25-TUCURUI;2;TUCURUI;3;Group 3;6425;300;390;397.2;662;Turbine;0;6425;The group has been changed after network reduction
1;G1-BELO MONTE;3;BELO MONTE;1;Group 1;6729;450;611.1;600;768.4;Turbine;0;6729;
2;G2-BELO MONTE;3;BELO MONTE;1;Group 1;6729;450;611.1;600;768.4;Turbine;0;6729;
3;G3-BELO MONTE;3;BELO MONTE;1;Group 1;6729;450;611.1;600;768.4;Turbine;0;6729;
4;G4-BELO MONTE;3;BELO MONTE;1;Group 1;6729;450;611.1;600;768.4;Turbine;0;6729;
5;G5-BELO MONTE;3;BELO MONTE;1;Group 1;6729;450;611.1;600;768.4;Turbine;0;6729;
6;G6-BELO MONTE;3;BELO MONTE;1;Group 1;6729;450;611.1;600;768.4;Turbine;0;6729;
7;G7-BELO MONTE;3;BELO MONTE;1;Group 1;6729;450;611.1;600;768.4;Turbine;0;6729;
8;G8-BELO MONTE;3;BELO MONTE;1;Group 1;6729;450;611.1;600;768.4;Turbine;0;6729;
9;G9-BELO MONTE;3;BELO MONTE;1;Group 1;6729;450;611.1;600;768.4;Turbine;0;6729;
10;G10-BELO MONTE;3;BELO MONTE;1;Group 1;6729;450;611.1;600;768.4;Turbine;0;6729;
11;G11-BELO MONTE;3;BELO MONTE;1;Group 1;6729;450;611.1;600;768.4;Turbine;0;6729;
12;G12-BELO MONTE;3;BELO MONTE;1;Group 1;6729;450;611.1;600;768.4;Turbine;0;6729;
13;G13-BELO MONTE;3;BELO MONTE;1;Group 1;6729;450;611.1;600;768.4;Turbine;0;6729;
14;G14-BELO MONTE;3;BELO MONTE;1;Group 1;6729;450;611.1;600;768.4;Turbine;0;6729;
15;G15-BELO MONTE;3;BELO MONTE;1;Group 1;6729;450;611.1;600;768.4;Turbine;0;6729;
16;G16-BELO MONTE;3;BELO MONTE;1;Group 1;6729;450;611.1;600;768.4;Turbine;0;6729;
17;G17-BELO MONTE;3;BELO MONTE;1;Group 1;6729;450;611.1;600;768.4;Turbine;0;6729;
18;G18-BELO MONTE;3;BELO MONTE;1;Group 1;6729;450;611.1;600;768.4;Turbine;0;6729;
1;G1-STO ANTONIO;5;STO ANTONIO;1;5 blades;7062;11;69;227.2;568;Turbine;0;7062;
2;G2-STO ANTONIO;5;STO ANTONIO;1;5 blades;7062;11;69;227.2;568;Turbine;0;7062;
3;G3-STO ANTONIO;5;STO ANTONIO;1;5 blades;7062;11;69;227.2;568;Turbine;0;7062;
4;G4-STO ANTONIO;5;STO ANTONIO;1;5 blades;7062;11;69;227.2;568;Turbine;0;7062;
5;G5-STO ANTONIO;5;STO ANTONIO;1;5 blades;7050;11;69;227.2;568;Turbine;0;7050;The group has been changed after network reduction
6;G6-STO ANTONIO;5;STO ANTONIO;1;5 blades;7050;11;69;227.2;568;Turbine;0;7050;The group has been changed after network reduction
7;G7-STO ANTONIO;5;STO ANTONIO;1;5 blades;7050;11;69;227.2;568;Turbine;0;7050;The group has been changed after network reduction
8;G8-STO ANTONIO;5;STO ANTONIO;1;5 blades;7050;11;69;227.2;568;Turbine;0;7050;The group has been changed after network reduction
9;G9-STO ANTONIO;5;STO ANTONIO;1;5 blades;7050;11;69;227.2;568;Turbine;0;7050;The group has been changed after network reduction
10;G10-STO ANTONIO;5;STO ANTONIO;1;5 blades;7050;11;69;227.2;568;Turbine;0;7050;The group has been changed after network reduction
11;G11-STO ANTONIO;5;STO ANTONIO;1;5 blades;7050;11;69;227.2;568;Turbine;0;7050;The group has been changed after network reduction
12;G12-STO ANTONIO;5;STO ANTONIO;1;5 blades;7050;11;69;227.2;568;Turbine;0;7050;The group has been changed after network reduction
13;G13-STO ANTONIO;5;STO ANTONIO;2;4 blades;7062;21;73;239.2;598;Turbine;0;7062;
14;G14-STO ANTONIO;5;STO ANTONIO;2;4 blades;7062;21;73;239.2;598;Turbine;0;7062;
15;G15-STO ANTONIO;5;STO ANTONIO;2;4 blades;7062;21;73;239.2;598;Turbine;0;7062;
16;G16-STO ANTONIO;5;STO ANTONIO;2;4 blades;7062;21;73;239.2;598;Turbine;0;7062;
17;G17-STO ANTONIO;5;STO ANTONIO;2;4 blades;7062;21;73;239.2;598;Turbine;0;7062;
18;G18-STO ANTONIO;5;STO ANTONIO;2;4 blades;7062;21;73;239.2;598;Turbine;0;7062;
19;G19-STO ANTONIO;5;STO ANTONIO;2;4 blades;7062;21;73;239.2;598;Turbine;0;7062;
20;G20-STO ANTONIO;5;STO ANTONIO;2;4 blades;7062;21;73;239.2;598;Turbine;0;7062;
21;G21-STO ANTONIO;5;STO ANTONIO;1;5 blades;7064;11;69;227.2;568;Turbine;0;7064;The group has been changed after network reduction
22;G22-STO ANTONIO;5;STO ANTONIO;1;5 blades;7064;11;69;227.2;568;Turbine;0;7064;The group has been changed after network reduction
23;G23-STO ANTONIO;5;STO ANTONIO;2;4 blades;7064;21;73;239.2;598;Turbine;0;7064;The group has been changed after network reduction
24;G24-STO ANTONIO;5;STO ANTONIO;2;4 blades;7064;21;73;239.2;598;Turbine;0;7064;The group has been changed after network reduction
25;G25-STO ANTONIO;5;STO ANTONIO;2;4 blades;7064;21;73;239.2;598;Turbine;0;7064;The group has been changed after network reduction
26;G26-STO ANTONIO;5;STO ANTONIO;2;4 blades;7064;21;73;239.2;598;Turbine;0;7064;The group has been changed after network reduction
27;G27-STO ANTONIO;5;STO ANTONIO;2;4 blades;7064;21;73;239.2;598;Turbine;0;7064;The group has been changed after network reduction
28;G28-STO ANTONIO;5;STO ANTONIO;2;4 blades;7064;21;73;239.2;598;Turbine;0;7064;The group has been changed after network reduction
29;G29-STO ANTONIO;5;STO ANTONIO;2;4 blades;7064;21;73;239.2;598;Turbine;0;7064;The group has been changed after network reduction
30;G30-STO ANTONIO;5;STO ANTONIO;2;4 blades;7064;21;73;239.2;598;Turbine;0;7064;The group has been changed after network reduction
31;G31-STO ANTONIO;5;STO ANTONIO;1;5 blades;7064;11;69;227.2;568;Turbine;0;7064;The group has been changed after network reduction
32;G32-STO ANTONIO;5;STO ANTONIO;1;5 blades;7064;11;69;227.2;568;Turbine;0;7064;The group has been changed after network reduction
33;G33-STO ANTONIO;5;STO ANTONIO;1;5 blades;7064;11;69;227.2;568;Turbine;0;7064;The group has been changed after network reduction
34;G34-STO ANTONIO;5;STO ANTONIO;1;5 blades;7064;11;69;227.2;568;Turbine;0;7064;The group has been changed after network reduction
35;G35-STO ANTONIO;5;STO ANTONIO;1;5 blades;7064;11;69;227.2;568;Turbine;0;7064;The group has been changed after network reduction
36;G36-STO ANTONIO;5;STO ANTONIO;1;5 blades;7064;11;69;227.2;568;Turbine;0;7064;The group has been changed after network reduction
37;G37-STO ANTONIO;5;STO ANTONIO;2;4 blades;7064;21;73;239.2;598;Turbine;0;7064;The group has been changed after network reduction
38;G38-STO ANTONIO;5;STO ANTONIO;2;4 blades;7064;21;73;239.2;598;Turbine;0;7064;The group has been changed after network reduction
39;G39-STO ANTONIO;5;STO ANTONIO;2;4 blades;7064;21;73;239.2;598;Turbine;0;7064;The group has been changed after network reduction
40;G40-STO ANTONIO;5;STO ANTONIO;2;4 blades;7064;21;73;239.2;598;Turbine;0;7064;The group has been changed after network reduction
41;G41-STO ANTONIO;5;STO ANTONIO;2;4 blades;7064;21;73;239.2;598;Turbine;0;7064;The group has been changed after network reduction
42;G42-STO ANTONIO;5;STO ANTONIO;2;4 blades;7064;21;73;239.2;598;Turbine;0;7064;The group has been changed after network reduction
43;G43-STO ANTONIO;5;STO ANTONIO;2;4 blades;7064;21;73;239.2;598;Turbine;0;7064;The group has been changed after network reduction
44;G44-STO ANTONIO;5;STO ANTONIO;2;4 blades;7064;21;73;239.2;598;Turbine;0;7064;The group has been changed after network reduction
45;G45-STO ANTONIO230;5;STO ANTONIO;1;5 blades;6888;11;69;227.2;568;Turbine;0;6888;The group has been changed after network reduction
46;G46-STO ANTONIO230;5;STO ANTONIO;1;5 blades;6888;11;69;227.2;568;Turbine;0;6888;The group has been changed after network reduction
47;G47-STO ANTONIO230;5;STO ANTONIO;1;5 blades;6888;11;69;227.2;568;Turbine;0;6888;The group has been changed after network reduction
48;G48-STO ANTONIO230;5;STO ANTONIO;1;5 blades;6892;11;69;227.2;568;Turbine;0;6892;The group has been changed after network reduction
49;G49-STO ANTONIO230;5;STO ANTONIO;1;5 blades;6892;11;69;227.2;568;Turbine;0;6892;The group has been changed after network reduction
50;G50-STO ANTONIO230;5;STO ANTONIO;1;5 blades;6892;11;69;227.2;568;Turbine;0;6892;The group has been changed after network reduction
1;G1-JIRAU;4;JIRAU;1;MD;7051;23;75;230;538;Turbine;0;7051;
2;G2-JIRAU;4;JIRAU;1;MD;7051;23;75;230;538;Turbine;0;7051;
3;G3-JIRAU;4;JIRAU;1;MD;7051;23;75;230;538;Turbine;0;7051;
4;G4-JIRAU;4;JIRAU;1;MD;7051;23;75;230;538;Turbine;0;7051;
5;G5-JIRAU;4;JIRAU;1;MD;7051;23;75;230;538;Turbine;0;7051;
6;G6-JIRAU;4;JIRAU;1;MD;7051;23;75;230;538;Turbine;0;7051;
7;G7-JIRAU;4;JIRAU;1;MD;7051;23;75;230;538;Turbine;0;7051;
8;G8-JIRAU;4;JIRAU;1;MD;7051;23;75;230;538;Turbine;0;7051;
9;G9-JIRAU;4;JIRAU;1;MD;7051;23;75;230;538;Turbine;0;7051;
10;G10-JIRAU;4;JIRAU;1;MD;7051;23;75;230;538;Turbine;0;7051;
11;G11-JIRAU;4;JIRAU;1;MD;7051;23;75;230;538;Turbine;0;7051;
12;G12-JIRAU;4;JIRAU;1;MD;7051;23;75;230;538;Turbine;0;7051;
13;G13-JIRAU;4;JIRAU;1;MD;7051;23;75;230;538;Turbine;0;7051;
14;G14-JIRAU;4;JIRAU;1;MD;7051;23;75;230;538;Turbine;0;7051;
15;G15-JIRAU;4;JIRAU;1;MD;7051;23;75;230;538;Turbine;0;7051;
16;G16-JIRAU;4;JIRAU;1;MD;7051;23;75;230;538;Turbine;0;7051;
17;G17-JIRAU;4;JIRAU;1;MD;7051;23;75;230;538;Turbine;0;7051;
18;G18-JIRAU;4;JIRAU;1;MD;7051;23;75;230;538;Turbine;0;7051;
19;G19-JIRAU;4;JIRAU;1;MD;7051;23;75;230;538;Turbine;0;7051;
20;G20-JIRAU;4;JIRAU;1;MD;7051;23;75;230;538;Turbine;0;7051;
21;G21-JIRAU;4;JIRAU;1;MD;7051;23;75;230;538;Turbine;0;7051;
22;G22-JIRAU;4;JIRAU;1;MD;7051;23;75;230;538;Turbine;0;7051;
23;G23-JIRAU;4;JIRAU;1;MD;7051;23;75;230;538;Turbine;0;7051;
24;G24-JIRAU;4;JIRAU;1;MD;7051;23;75;230;538;Turbine;0;7051;
25;G25-JIRAU;4;JIRAU;1;MD;7051;23;75;230;538;Turbine;0;7051;
26;G26-JIRAU;4;JIRAU;1;MD;7051;23;75;230;538;Turbine;0;7051;
27;G27-JIRAU;4;JIRAU;1;MD;7051;23;75;230;538;Turbine;0;7051;
28;G28-JIRAU;4;JIRAU;1;MD;7051;23;75;230;538;Turbine;0;7051;
29;G29-JIRAU;4;JIRAU;1;MD;7061;23;75;230;538;Turbine;0;7061;The group has been changed after network reduction
30;G30-JIRAU;4;JIRAU;1;MD;7061;23;75;230;538;Turbine;0;7061;The group has been changed after network reduction
31;G31-JIRAU;4;JIRAU;1;MD;7061;23;75;230;538;Turbine;0;7061;The group has been changed after network reduction
32;G32-JIRAU;4;JIRAU;1;MD;7061;23;75;230;538;Turbine;0;7061;The group has been changed after network reduction
33;G33-JIRAU;4;JIRAU;1;MD;7061;23;75;230;538;Turbine;0;7061;The group has been changed after network reduction
34;G34-JIRAU;4;JIRAU;1;MD;7061;23;75;230;538;Turbine;0;7061;The group has been changed after network reduction
35;G35-JIRAU;4;JIRAU;1;MD;7061;23;75;230;538;Turbine;0;7061;The group has been changed after network reduction
36;G36-JIRAU;4;JIRAU;1;MD;7061;23;75;230;538;Turbine;0;7061;The group has been changed after network reduction
37;G37-JIRAU;4;JIRAU;1;MD;7061;23;75;230;538;Turbine;0;7061;The group has been changed after network reduction
38;G38-JIRAU;4;JIRAU;1;MD;7061;23;75;230;538;Turbine;0;7061;The group has been changed after network reduction
39;G39-JIRAU;4;JIRAU;1;MD;7061;23;75;230;538;Turbine;0;7061;The group has been changed after network reduction
40;G40-JIRAU;4;JIRAU;1;MD;7061;23;75;230;538;Turbine;0;7061;The group has been changed after network reduction
41;G41-JIRAU;4;JIRAU;1;MD;7061;23;75;230;538;Turbine;0;7061;The group has been changed after network reduction
42;G42-JIRAU;4;JIRAU;1;MD;7061;23;75;230;538;Turbine;0;7061;The group has been changed after network reduction
43;G43-JIRAU;4;JIRAU;1;MD;7061;23;75;230;538;Turbine;0;7061;The group has been changed after network reduction
44;G44-JIRAU;4;JIRAU;1;MD;7061;23;75;230;538;Turbine;0;7061;The group has been changed after network reduction
45;G45-JIRAU;4;JIRAU;1;MD;7061;23;75;230;538;Turbine;0;7061;The group has been changed after network reduction
46;G46-JIRAU;4;JIRAU;1;MD;7061;23;75;230;538;Turbine;0;7061;The group has been changed after network reduction
47;G47-JIRAU;4;JIRAU;1;MD;7061;23;75;230;538;Turbine;0;7061;The group has been changed after network reduction
48;G48-JIRAU;4;JIRAU;1;MD;7061;23;75;230;538;Turbine;0;7061;The group has been changed after network reduction
49;G49-JIRAU;4;JIRAU;1;MD;7061;23;75;230;538;Turbine;0;7061;The group has been changed after network reduction
50;G50-JIRAU;4;JIRAU;1;MD;7061;23;75;230;538;Turbine;0;7061;The group has been changed after network reduction
1;G1-SOBRADINHO;30;SOBRADINHO;1;Group 1;6294;46;175;356.5;713;Turbine;0;6294;
2;G2-SOBRADINHO;30;SOBRADINHO;1;Group 1;6294;46;175;356.5;713;Turbine;0;6294;
3;G3-SOBRADINHO;30;SOBRADINHO;1;Group 1;6294;46;175;356.5;713;Turbine;0;6294;
4;G4-SOBRADINHO;30;SOBRADINHO;1;Group 1;6294;46;175;356.5;713;Turbine;0;6294;
5;G5-SOBRADINHO;30;SOBRADINHO;1;Group 1;6294;46;175;356.5;713;Turbine;0;6294;
6;G6-SOBRADINHO;30;SOBRADINHO;1;Group 1;6294;46;175;356.5;713;Turbine;0;6294;
1;G1-P. PRIMAVERA;14;P. PRIMAVERA;1;Group 1;510;90;110;318;636;Turbine;0;510;
2;G2-P. PRIMAVERA;14;P. PRIMAVERA;2;Group 2;510;30;110;318;636;Turbine;0;510;
3;G3-P. PRIMAVERA;14;P. PRIMAVERA;2;Group 2;510;30;110;318;636;Turbine;0;510;
4;G4-P. PRIMAVERA;14;P. PRIMAVERA;2;Group 2;510;30;110;318;636;Turbine;0;510;
5;G5-P. PRIMAVERA;14;P. PRIMAVERA;2;Group 2;510;30;110;318;636;Turbine;0;510;
6;G6-P. PRIMAVERA;14;P. PRIMAVERA;2;Group 2;510;30;110;318;636;Turbine;0;510;
7;G7-P. PRIMAVERA;14;P. PRIMAVERA;2;Group 2;510;30;110;318;636;Turbine;0;510;
8;G8-P. PRIMAVERA;14;P. PRIMAVERA;2;Group 2;510;30;110;318;636;Turbine;0;510;
9;G9-P. PRIMAVERA;14;P. PRIMAVERA;2;Group 2;510;30;110;318;636;Turbine;0;510;
10;G10-P. PRIMAVERA;14;P. PRIMAVERA;2;Group 2;510;30;110;318;636;Turbine;0;510;
11;G11-P. PRIMAVERA;14;P. PRIMAVERA;2;Group 2;510;30;110;318;636;Turbine;0;510;
12;G12-P. PRIMAVERA;14;P. PRIMAVERA;2;Group 2;510;30;110;318;636;Turbine;0;510;
13;G13-P. PRIMAVERA;14;P. PRIMAVERA;2;Group 2;510;30;110;318;636;Turbine;0;510;
14;G14-P. PRIMAVERA;14;P. PRIMAVERA;2;Group 2;510;30;110;318;636;Turbine;0;510;
1;G1-JUPIA;13;JUPIA;1;Group 1;503;60;110.8;298;596;Turbine;0;503;
2;G2-JUPIA;13;JUPIA;2;Group 2;502;40;110.8;298;596;Turbine;0;502;
3;G3-JUPIA;13;JUPIA;1;Group 1;503;60;110.8;298;596;Turbine;0;503;
4;G4-JUPIA;13;JUPIA;3;Group 3;502;25;110.8;298;596;Turbine;0;502;
5;G5-JUPIA;13;JUPIA;3;Group 3;502;25;110.8;298;596;Turbine;0;502;
6;G6-JUPIA;13;JUPIA;3;Group 3;502;25;110.8;298;596;Turbine;0;502;
7;G7-JUPIA;13;JUPIA;3;Group 3;502;25;110.8;298;596;Turbine;0;502;
8;G8-JUPIA;13;JUPIA;3;Group 3;502;25;110.8;298;596;Turbine;0;502;
9;G9-JUPIA;13;JUPIA;3;Group 3;502;25;110.8;298;596;Turbine;0;502;
10;G10-JUPIA;13;JUPIA;4;Group 4;502;50;110.8;298;596;Turbine;0;502;
11;G11-JUPIA;13;JUPIA;3;Group 3;502;25;110.8;298;596;Turbine;0;502;
12;G12-JUPIA;13;JUPIA;3;Group 3;502;25;110.8;298;596;Turbine;0;502;
13;G13-JUPIA;13;JUPIA;4;Group 4;502;50;110.8;298;596;Turbine;0;502;
14;G14-JUPIA;13;JUPIA;3;Group 3;502;25;110.8;298;596;Turbine;0;502;
1;G1-TRES IRMAOS;33;TRES IRMAOS;1;Group 1;520;140;161.5;265;441;Turbine;0;520;
2;G2-TRES IRMAOS;33;TRES IRMAOS;1;Group 1;520;140;161.5;265;441;Turbine;0;520;
3;G3-TRES IRMAOS;33;TRES IRMAOS;1;Group 1;520;140;161.5;265;441;Turbine;0;520;
4;G4-TRES IRMAOS;33;TRES IRMAOS;1;Group 1;520;140;161.5;265;441;Turbine;0;520;
5;G5-TRES IRMAOS;33;TRES IRMAOS;1;Group 1;520;140;161.5;265;441;Turbine;0;520;
1;G1-I. SOLTEIRA;6;I. SOLTEIRA;1;Group 1;501;130;176;288;480;Turbine;0;501;
2;G2-I. SOLTEIRA;6;I. SOLTEIRA;1;Group 1;501;130;176;288;480;Turbine;0;501;
3;G3-I. SOLTEIRA;6;I. SOLTEIRA;1;Group 1;501;130;176;288;480;Turbine;0;501;
4;G4-I. SOLTEIRA;6;I. SOLTEIRA;1;Group 1;501;130;176;288;480;Turbine;0;501;
5;G5-I. SOLTEIRA;6;I. SOLTEIRA;2;Group 2;501;90;170;278.4;464;Turbine;0;501;
6;G6-I. SOLTEIRA;6;I. SOLTEIRA;2;Group 2;501;90;170;278.4;464;Turbine;0;501;
7;G7-I. SOLTEIRA;6;I. SOLTEIRA;2;Group 2;501;90;170;278.4;464;Turbine;0;501;
8;G8-I. SOLTEIRA;6;I. SOLTEIRA;2;Group 2;501;90;170;278.4;464;Turbine;0;501;
9;G9-I. SOLTEIRA;6;I. SOLTEIRA;2;Group 2;501;90;170;278.4;464;Turbine;0;501;
10;G10-I. SOLTEIRA;6;I. SOLTEIRA;2;Group 2;501;90;170;278.4;464;Turbine;0;501;
11;G11-I. SOLTEIRA;6;I. SOLTEIRA;2;Group 2;501;90;170;278.4;464;Turbine;0;501;
12;G12-I. SOLTEIRA;6;I. SOLTEIRA;2;Group 2;501;90;170;278.4;464;Turbine;0;501;
13;G13-I. SOLTEIRA;6;I. SOLTEIRA;2;Group 2;501;90;170;278.4;464;Turbine;0;501;
14;G14-I. SOLTEIRA;6;I. SOLTEIRA;2;Group 2;501;90;170;278.4;464;Turbine;0;501;
15;G15-I. SOLTEIRA;6;I. SOLTEIRA;2;Group 2;501;90;170;278.4;464;Turbine;0;501;
16;G16-I. SOLTEIRA;6;I. SOLTEIRA;3;Group 3;501;90;174;285;475;Turbine;0;501;
17;G17-I. SOLTEIRA;6;I. SOLTEIRA;3;Group 3;501;90;174;285;475;Turbine;0;501;
18;G18-I. SOLTEIRA;6;I. SOLTEIRA;3;Group 3;501;90;174;285;475;Turbine;0;501;
19;G19-I. SOLTEIRA;6;I. SOLTEIRA;3;Group 3;501;90;174;285;475;Turbine;0;501;
20;G20-I. SOLTEIRA;6;I. SOLTEIRA;3;Group 3;501;90;174;285;475;Turbine;0;501;
1;G1-SAO SIMAO;11;SAO SIMAO;1;Group 1;303;235;285;425;445;Turbine;0;303;
2;G2-SAO SIMAO;11;SAO SIMAO;1;Group 1;303;235;285;425;445;Turbine;0;303;
3;G3-SAO SIMAO;11;SAO SIMAO;1;Group 1;303;235;285;425;445;Turbine;0;303;
4;G4-SAO SIMAO;11;SAO SIMAO;1;Group 1;303;235;285;425;445;Turbine;0;303;
5;G5-SAO SIMAO;11;SAO SIMAO;1;Group 1;303;235;285;425;445;Turbine;0;303;
6;G6-SAO SIMAO;11;SAO SIMAO;1;Group 1;303;235;285;425;445;Turbine;0;303;
1;G1-CACH.DOURADA;35;CACH.DOURADA;1;Group 1;750;0;17;40.2;67;Turbine;0;750;
2;G2-CACH.DOURADA;35;CACH.DOURADA;1;Group 1;750;0;17;40.2;67;Turbine;0;750;
3;G3-CACH.DOURADA;35;CACH.DOURADA;2;Group 2;751;0;54;127.8;213;Turbine;0;751;
4;G4-CACH.DOURADA;35;CACH.DOURADA;2;Group 2;751;0;54;127.8;213;Turbine;0;751;
5;G5-CACH.DOURADA;35;CACH.DOURADA;2;Group 2;752;0;54;127.8;213;Turbine;0;752;
6;G6-CACH.DOURADA;35;CACH.DOURADA;3;Group 3;753;0;84;198.6;331;Turbine;0;753;
7;G7-CACH.DOURADA;35;CACH.DOURADA;3;Group 3;753;0;84;198.6;331;Turbine;0;753;
8;G8-CACH.DOURADA;35;CACH.DOURADA;3;Group 3;753;0;84;198.6;331;Turbine;0;753;
9;G9-CACH.DOURADA;35;CACH.DOURADA;4;Group 4;754;0;105;241.2;402;Turbine;0;754;
10;G10-CACH.DOURADA;35;CACH.DOURADA;4;Group 4;754;0;105;241.2;402;Turbine;0;754;
1;G1-ITUMBIARA;9;ITUMBIARA;1;Group 1;18;200;347;375;537;Turbine;0;18;
2;G2-ITUMBIARA;9;ITUMBIARA;1;Group 1;18;200;347;375;537;Turbine;0;18;
3;G3-ITUMBIARA;9;ITUMBIARA;1;Group 1;18;200;347;375;537;Turbine;0;18;
4;G4-ITUMBIARA;9;ITUMBIARA;1;Group 1;18;200;347;375;537;Turbine;0;18;
5;G5-ITUMBIARA;9;ITUMBIARA;1;Group 1;18;200;347;375;537;Turbine;0;18;
6;G6-ITUMBIARA;9;ITUMBIARA;1;Group 1;18;200;347;375;537;Turbine;0;18;
1;G1-EMBORCACAO;25;EMBORCACAO;1;Group 1;300;112;298;157.2;262;Turbine;0;300;
2;G2-EMBORCACAO;25;EMBORCACAO;1;Group 1;300;112;298;157.2;262;Turbine;0;300;
3;G3-EMBORCACAO;25;EMBORCACAO;1;Group 1;300;112;298;157.2;262;Turbine;0;300;
4;G4-EMBORCACAO;25;EMBORCACAO;1;Group 1;300;112;298;157.2;262;Turbine;0;300;
1;G1-A. VERMELHA;20;A. VERMELHA;1;Group 1;500;55;232.7;295.8;493;Turbine;0;500;
2;G2-A. VERMELHA;20;A. VERMELHA;1;Group 1;500;55;232.7;295.8;493;Turbine;0;500;
3;G3-A. VERMELHA;20;A. VERMELHA;1;Group 1;500;55;232.7;295.8;493;Turbine;0;500;
4;G4-A. VERMELHA;20;A. VERMELHA;1;Group 1;500;55;232.7;295.8;493;Turbine;0;500;
5;G5-A. VERMELHA;20;A. VERMELHA;1;Group 1;500;55;232.7;295.8;493;Turbine;0;500;
6;G6-A. VERMELHA;20;A. VERMELHA;1;Group 1;500;55;232.7;295.8;493;Turbine;0;500;
1;G1-MARIMBONDO;15;MARIMBONDO;1;Group 1;20;110;190;290;368;Turbine;0;20;
2;G2-MARIMBONDO;15;MARIMBONDO;1;Group 1;20;110;190;290;368;Turbine;0;20;
3;G3-MARIMBONDO;15;MARIMBONDO;1;Group 1;20;110;190;290;368;Turbine;0;20;
4;G4-MARIMBONDO;15;MARIMBONDO;1;Group 1;20;110;190;290;368;Turbine;0;20;
5;G5-MARIMBONDO;15;MARIMBONDO;1;Group 1;20;110;190;290;368;Turbine;0;20;
6;G6-MARIMBONDO;15;MARIMBONDO;1;Group 1;20;110;190;290;368;Turbine;0;20;
7;G7-MARIMBONDO;15;MARIMBONDO;1;Group 1;20;110;190;290;368;Turbine;0;20;
8;G8-MARIMBONDO;15;MARIMBONDO;1;Group 1;20;110;190;290;368;Turbine;0;20;
1;G1-LC BARRETO;27;LC BARRETO;1;Group 1;12;125;184;236.6;338;Turbine;0;12;The minimum turbine discharge was increased to 0.7 of the maximum
2;G2-LC BARRETO;27;LC BARRETO;1;Group 1;12;125;184;236.6;338;Turbine;0;12;The minimum turbine discharge was increased to 0.7 of the maximum
3;G3-LC BARRETO;27;LC BARRETO;1;Group 1;12;125;184;236.6;338;Turbine;0;12;The minimum turbine discharge was increased to 0.7 of the maximum
4;G4-LC BARRETO;27;LC BARRETO;1;Group 1;12;125;184;236.6;338;Turbine;0;12;The minimum turbine discharge was increased to 0.7 of the maximum
5;G5-LC BARRETO;27;LC BARRETO;1;Group 1;12;125;184;236.6;338;Turbine;0;12;The minimum turbine discharge was increased to 0.7 of the maximum
6;G6-LC BARRETO;27;LC BARRETO;1;Group 1;12;125;184;236.6;338;Turbine;0;12;The minimum turbine discharge was increased to 0.7 of the maximum
1;G1-FURNAS;21;FURNAS;1;Group 1;16;100;152;145;211;Turbine;0;16;
2;G2-FURNAS;21;FURNAS;1;Group 1;16;100;152;145;211;Turbine;0;16;
3;G3-FURNAS;21;FURNAS;1;Group 1;16;100;152;145;211;Turbine;0;16;
4;G4-FURNAS;21;FURNAS;1;Group 1;16;100;152;145;211;Turbine;0;16;
5;G5-FURNAS;21;FURNAS;1;Group 1;16;100;152;145;211;Turbine;0;16;
6;G6-FURNAS;21;FURNAS;1;Group 1;16;100;152;145;211;Turbine;0;16;
7;G7-FURNAS;21;FURNAS;1;Group 1;16;100;152;145;211;Turbine;0;16;Group changed after network reduction
8;G8-FURNAS;21;FURNAS;1;Group 1;16;100;152;145;211;Turbine;0;16;Group changed after network reduction
1;G1-TRES MARIAS;37;TRES MARIAS;1;Group 1;304;18;66;75;150;Turbine;0;304;
2;G2-TRES MARIAS;37;TRES MARIAS;1;Group 1;304;18;66;75;150;Turbine;0;304;
3;G3-TRES MARIAS;37;TRES MARIAS;1;Group 1;304;18;66;75;150;Turbine;0;304;
4;G4-TRES MARIAS;37;TRES MARIAS;1;Group 1;304;18;66;75;150;Turbine;0;304;
5;G5-TRES MARIAS;37;TRES MARIAS;1;Group 1;304;18;66;75;150;Turbine;0;304;
6;G6-TRES MARIAS;37;TRES MARIAS;1;Group 1;304;18;66;75;150;Turbine;0;304;
1;G1-ITAPARICA;16;ITAPARICA;1;Group 1;5051;180;250;450;551;Turbine;0;5051;
2;G2-ITAPARICA;16;ITAPARICA;1;Group 1;5051;180;250;450;551;Turbine;0;5051;
3;G3-ITAPARICA;16;ITAPARICA;1;Group 1;5051;180;250;450;551;Turbine;0;5051;
4;G4-ITAPARICA;16;ITAPARICA;1;Group 1;5054;180;250;450;551;Turbine;0;5054;Group changed after network reduction
5;G5-ITAPARICA;16;ITAPARICA;1;Group 1;5054;180;250;450;551;Turbine;0;5054;Group changed after network reduction
6;G6-ITAPARICA;16;ITAPARICA;1;Group 1;5054;180;250;450;551;Turbine;0;5054;Group changed after network reduction
1;G1-MOXOTO;36;MOXOTO;1;Group 1;5030;50;100;260;550;Turbine;0;5030;
2;G2-MOXOTO;36;MOXOTO;1;Group 1;5030;50;100;260;550;Turbine;0;5030;
3;G3-MOXOTO;36;MOXOTO;1;Group 1;5032;50;100;260;550;Turbine;0;5032;Group changed after network reduction
4;G4-MOXOTO;36;MOXOTO;1;Group 1;5032;50;100;260;550;Turbine;0;5032;Group changed after network reduction
1;G1-P.AFONSO 123;19;P.AFONSO 123;1;PA-1;5005;50;60;61;84;Turbine;0;5005;
2;G2-P.AFONSO 123;19;P.AFONSO 123;1;PA-1;5005;50;60;61;84;Turbine;0;5005;
3;G3-P.AFONSO 123;19;P.AFONSO 123;1;PA-1;5006;50;60;61;84;Turbine;0;5006;
4;G4-P.AFONSO 123;19;P.AFONSO 123;2;PA-2;5009;70;70;85;97;Turbine;0;5009;
5;G5-P.AFONSO 123;19;P.AFONSO 123;2;PA-2;5010;70;70;85;97;Turbine;0;5010;
6;G6-P.AFONSO 123;19;P.AFONSO 123;3;PA-3;5011;70;75;85;107;Turbine;0;5011;
7;G7-P.AFONSO 123;19;P.AFONSO 123;4;PA-4;5012;50;76;63;105;Turbine;0;5012;
8;G8-P.AFONSO 123;19;P.AFONSO 123;4;PA-4;5013;50;76;63;105;Turbine;0;5013;
9;G9-P.AFONSO 123;19;P.AFONSO 123;4;PA-4;5014;50;76;63;105;Turbine;0;5014;
10;G10-P.AFONSO 123;19;P.AFONSO 123;5;PA-5;5015;150;200;185;277;Turbine;0;5015;
11;G11-P.AFONSO 123;19;P.AFONSO 123;5;PA-5;5015;150;200;185;277;Turbine;0;5015;
12;G12-P.AFONSO 123;19;P.AFONSO 123;5;PA-5;5016;150;200;185;277;Turbine;0;5016;
13;G13-P.AFONSO 123;19;P.AFONSO 123;5;PA-5;5016;150;200;185;277;Turbine;0;5016;
1;G1-P.AFONSO 4;8;P.AFONSO 4;1;Group 1;5022;250;410;240;400;Turbine;0;5022;
2;G2-P.AFONSO 4;8;P.AFONSO 4;1;Group 1;5022;250;410;240;400;Turbine;0;5022;
3;G3-P.AFONSO 4;8;P.AFONSO 4;1;Group 1;5022;250;410;240;400;Turbine;0;5022;
4;G4-P.AFONSO 4;8;P.AFONSO 4;1;Group 1;5022;250;410;240;400;Turbine;0;5022;
5;G5-P.AFONSO 4;8;P.AFONSO 4;1;Group 1;5022;250;410;240;400;Turbine;0;5022;
6;G6-P.AFONSO 4;8;P.AFONSO 4;1;Group 1;5022;250;410;240;400;Turbine;0;5022;
1;G1-XINGO;7;XINGO;1;Group 1;5061;310;527;297.6;496;Turbine;0;5061;
2;G2-XINGO;7;XINGO;1;Group 1;5061;310;527;297.6;496;Turbine;0;5061;
3;G3-XINGO;7;XINGO;1;Group 1;5061;310;527;297.6;496;Turbine;0;5061;
4;G4-XINGO;7;XINGO;1;Group 1;5061;310;527;297.6;496;Turbine;0;5061;
5;G5-XINGO;7;XINGO;1;Group 1;5061;310;527;297.6;496;Turbine;0;5061;
6;G6-XINGO;7;XINGO;1;Group 1;5061;310;527;297.6;496;Turbine;0;5061;
1;G1-PIMENTAL;38;PIMENTAL;1;Group 1;6555;9.61;38.85;155.52;388.8;Turbine;0;6555;
2;G2-PIMENTAL;38;PIMENTAL;1;Group 1;6555;9.61;38.85;155.52;388.8;Turbine;0;6555;
3;G3-PIMENTAL;38;PIMENTAL;1;Group 1;6556;9.61;38.85;155.52;388.8;Turbine;0;6556;
4;G4-PIMENTAL;38;PIMENTAL;1;Group 1;6556;9.61;38.85;155.52;388.8;Turbine;0;6556;
5;G5-PIMENTAL;38;PIMENTAL;1;Group 1;6559;9.61;38.85;155.52;388.8;Turbine;0;6559;
6;G6-PIMENTAL;38;PIMENTAL;1;Group 1;6559;9.61;38.85;155.52;388.8;Turbine;0;6559;
1;G1-TELES PIRES;10;TELES PIRES;1;Group 1;4492;185;364;464.4;774;Turbine;0;4492;
2;G2-TELES PIRES;10;TELES PIRES;1;Group 1;4492;185;364;464.4;774;Turbine;0;4492;
3;G3-TELES PIRES;10;TELES PIRES;1;Group 1;4492;185;364;464.4;774;Turbine;0;4492;
4;G4-TELES PIRES;10;TELES PIRES;1;Group 1;4492;185;364;464.4;774;Turbine;0;4492;
5;G5-TELES PIRES;10;TELES PIRES;1;Group 1;4492;185;364;464.4;774;Turbine;0;4492;
1;G1-ITAIPU;1;ITAIPU;1;50 Hz;85;170;700;394.2;657;Turbine;0;85;
2;G2-ITAIPU;1;ITAIPU;1;50 Hz;85;170;700;394.2;657;Turbine;0;85;
3;G3-ITAIPU;1;ITAIPU;1;50 Hz;85;170;700;394.2;657;Turbine;0;85;
4;G4-ITAIPU;1;ITAIPU;1;50 Hz;85;170;700;394.2;657;Turbine;0;85;
5;G5-ITAIPU;1;ITAIPU;1;50 Hz;85;170;700;394.2;657;Turbine;0;85;
6;G6-ITAIPU;1;ITAIPU;1;50 Hz;85;170;700;394.2;657;Turbine;0;85;
7;G7-ITAIPU;1;ITAIPU;1;50 Hz;85;170;700;394.2;657;Turbine;0;85;
8;G8-ITAIPU;1;ITAIPU;1;50 Hz;85;170;700;394.2;657;Turbine;0;85;
9;G9-ITAIPU;1;ITAIPU;1;50 Hz;85;170;700;394.2;657;Turbine;0;85;
10;G10-ITAIPU;1;ITAIPU;1;50 Hz;85;170;700;394.2;657;Turbine;0;85;
11;G11-ITAIPU;1;ITAIPU;2;60 Hz;1107;170;700;394.2;657;Turbine;0;1107;
12;G12-ITAIPU;1;ITAIPU;2;60 Hz;1107;170;700;394.2;657;Turbine;0;1107;
13;G13-ITAIPU;1;ITAIPU;2;60 Hz;1107;170;700;394.2;657;Turbine;0;1107;
14;G14-ITAIPU;1;ITAIPU;2;60 Hz;1107;170;700;394.2;657;Turbine;0;1107;
15;G15-ITAIPU;1;ITAIPU;2;60 Hz;1107;170;700;394.2;657;Turbine;0;1107;
16;G16-ITAIPU;1;ITAIPU;2;60 Hz;1107;170;700;394.2;657;Turbine;0;1107;
17;G17-ITAIPU;1;ITAIPU;2;60 Hz;1107;170;700;394.2;657;Turbine;0;1107;
18;G18-ITAIPU;1;ITAIPU;2;60 Hz;1107;170;700;394.2;657;Turbine;0;1107;
19;G19-ITAIPU;1;ITAIPU;2;60 Hz;1107;170;700;394.2;657;Turbine;0;1107;
20;G20-ITAIPU;1;ITAIPU;2;60 Hz;1107;170;700;394.2;657;Turbine;0;1107;
1;G1-CHAVANTES;39;CHAVANTES;1;Group 1;514;50;103.5;96;160;Turbine;0;514;
2;G2-CHAVANTES;39;CHAVANTES;1;Group 1;514;50;103.5;96;160;Turbine;0;514;
3;G3-CHAVANTES;39;CHAVANTES;1;Group 1;514;50;103.5;96;160;Turbine;0;514;
4;G4-CHAVANTES;39;CHAVANTES;1;Group 1;514;50;103.5;96;160;Turbine;0;514;
1;G1-ROSANA;40;ROSANA;1;Group 1;511;40;88.5;262.5;525;Turbine;0;511;
2;G2-ROSANA;40;ROSANA;1;Group 1;511;40;88.5;262.5;525;Turbine;0;511;
3;G3-ROSANA;40;ROSANA;1;Group 1;511;40;88.5;262.5;525;Turbine;0;511;
4;G4-ROSANA;40;ROSANA;1;Group 1;511;40;88.5;262.5;525;Turbine;0;511;
1;G1-TAQUARUCU;41;TAQUARUCU;1;Group 1;513;40;105;241.92;483.84;Turbine;0;513;
2;G2-TAQUARUCU;41;TAQUARUCU;1;Group 1;513;40;105;241.92;483.84;Turbine;0;513;
3;G3-TAQUARUCU;41;TAQUARUCU;1;Group 1;513;40;105;241.92;483.84;Turbine;0;513;
4;G4-TAQUARUCU;41;TAQUARUCU;1;Group 1;513;40;105;241.92;483.84;Turbine;0;513;
5;G5-TAQUARUCU;41;TAQUARUCU;1;Group 1;513;40;105;241.92;483.84;Turbine;0;513;
1;G1-CAPIVARA;42;CAPIVARA;1;Group 1;507;63;163;320;398;Turbine;0;507;
2;G2-CAPIVARA;42;CAPIVARA;2;Group 2;507;80;152;386;410;Turbine;0;507;
3;G3-CAPIVARA;42;CAPIVARA;2;Group 2;507;80;152;386;410;Turbine;0;507;
4;G4-CAPIVARA;42;CAPIVARA;2;Group 2;507;80;152;386;410;Turbine;0;507;
1;G1-FONTES;43;FONTES;1;Group 1;253;0;44;10.2;17;Turbine;0;253;
1;G1-FONTES BC;162;FONTES BC;1;Group 1;253;0;44;10.2;17;Turbine;0;253;
2;G2-FONTES BC;162;FONTES BC;1;Group 1;253;0;44;10.2;17;Turbine;0;253;
1;G1-NILO PEÇANHA;44;NILO PEÇANHA;1;Group 1;250;0;48.97;10.8;18;Turbine;0;250;
2;G2-NILO PEÇANHA;44;NILO PEÇANHA;1;Group 1;250;0;48.97;10.8;18;Turbine;0;250;
3;G3-NILO PEÇANHA;44;NILO PEÇANHA;1;Group 2;250;0;72.44;16.2;27;Turbine;0;250;
4;G4-NILO PEÇANHA;44;NILO PEÇANHA;1;Group 2;250;0;72.44;16.2;27;Turbine;0;250;
5;G5-NILO PEÇANHA;44;NILO PEÇANHA;1;Group 2;250;0;72.44;16.2;27;Turbine;0;250;
6;G6-NILO PEÇANHA;44;NILO PEÇANHA;1;Group 2;250;0;72.44;16.2;27;Turbine;0;250;
1;G1-PEREIRA PASSOS;45;PEREIRA PASSOS;1;Group 1;255;0;51.02;95.4;159;Turbine;0;255;
2;G2-PEREIRA PASSOS;45;PEREIRA PASSOS;1;Group 1;255;0;51.02;95.4;159;Turbine;0;255;
1;G1-FUNIL;46;FUNIL;1;Group 1;14;45;74;75;126;Turbine;0;14;
2;G2-FUNIL;46;FUNIL;1;Group 1;14;45;74;75;126;Turbine;0;14;
3;G3-FUNIL;46;FUNIL;1;Group 1;14;45;74;75;126;Turbine;0;14;
1;G1-PARAIBUNA;48;PARAIBUNA;1;Group 1;526;0;43;36;60;Turbine;0;526;
2;G2-PARAIBUNA;48;PARAIBUNA;1;Group 1;526;0;43;36;60;Turbine;0;526;
1;G1-SANTA BRANCA;49; SANTA BRANCA;1;Group 1;296;0;28;43.2;72;Turbine;0;296;
2;G2-SANTA BRANCA;49; SANTA BRANCA;1;Group 1;296;0;28;43.2;72;Turbine;0;296;
1;G1-JAGUARI;50;JAGUARI;1;Group 1;525;0;14;19.2;32;Turbine;0;525;
2;G2-JAGUARI;50;JAGUARI;1;Group 1;525;0;14;19.2;32;Turbine;0;525;
1;G1-PICADA;54;PICADA;1;Group 1;4016;12.5;25;13.2;22;Turbine;0;4016;
2;G2-PICADA;54;PICADA;1;Group 1;4016;12.5;25;13.2;22;Turbine;0;4016;
1;G1-SOBRAGI;55;SOBRAGI;1;Group 1;317;11;18.8;18;30;Turbine;0;317;
2;G2-SOBRAGI;55;SOBRAGI;1;Group 1;317;11;18.8;18;30;Turbine;0;317;
3;G3-SOBRAGI;55;SOBRAGI;1;Group 1;317;11;18.8;18;30;Turbine;0;317;
1;G1-SIMPLÍCIO;56;SIMPLÍCIO;1;Group 1;9500;50;101.9;61.8;103;Turbine;0;9500;
2;G2-SIMPLÍCIO;56;SIMPLÍCIO;1;Group 1;9500;50;101.9;61.8;103;Turbine;0;9500;
3;G3-SIMPLÍCIO;56;SIMPLÍCIO;1;Group 1;9500;50;101.9;61.8;103;Turbine;0;9500;
1;G1-ILHA DOS POMBOS;57;ILHA DOS POMBOS;1;Group 1;257;9.64;27.9;63.6;106;Turbine;0;257;
2;G2-ILHA DOS POMBOS;57;ILHA DOS POMBOS;2;Group 2;257;9.6;27.8;63;105;Turbine;0;257;
3;G3-ILHA DOS POMBOS;57;ILHA DOS POMBOS;3;Group 3;257;11.17;32.61;74.4;124;Turbine;0;257;
4;G4-ILHA DOS POMBOS;57;ILHA DOS POMBOS;4;Group 4;257;17;50;114;190;Turbine;0;257;
5;G5-ILHA DOS POMBOS;57;ILHA DOS POMBOS;5;Group 5;257;17.18;52.39;119.4;199;Turbine;0;257;
1;PUMP-VIGÁRIO;53;VIGARIO;1;Group 1;262;0;0;0;190;Pump;0.44;262;
1;PUMP-SANTA CECÍLIA;51;SANTA CECÍLIA;1;Group 1;260;0;0;0;160;Pump;0.2;260;
1;G1-CORUMBÁ IV;58;CORUMBÁ IV;1;Group 1;3641;45;64.8;71.76;104;Turbine;0;3641;
2;G2-CORUMBÁ IV;58;CORUMBÁ IV;1;Group 1;3641;45;64.8;71.76;104;Turbine;0;3641;
1;G1-CORUMBÁ III;59;CORUMBÁ III;1;Group 1;3642;33;47.8;95.22;138;Turbine;0;3642;
2;G2-CORUMBÁ III;59;CORUMBÁ III;2;Group 2;3642;33.5;48.6;96.6;140;Turbine;0;3642;
1;G1-CORUMBÁ I;60;CORUMBÁ I;1;Group 1;35;86.25;125;131.11;190;Turbine;0;35;
2;G2-CORUMBÁ I;60;CORUMBÁ I;1;Group 1;35;86.25;125;131.11;190;Turbine;0;35;
3;G3-CORUMBÁ I;60;CORUMBÁ I;1;Group 1;35;86.25;125;131.11;190;Turbine;0;35;
1;G1-BATALHA;61;BATALHA;1;Group 1;9446;8;27;23.1;77;Turbine;0;9446;
2;G2-BATALHA;61;BATALHA;1;Group 1;9446;8;27;23.1;77;Turbine;0;9446;
1;G1-SERRA DO FACÃO;62;SERRA DO FACÃO;1;Group 1;3014;63.78;106.3;97.2;162;Turbine;0;3014;
2;G2-SERRA DO FACÃO;62;SERRA DO FACÃO;1;Group 1;3014;63.78;106.3;97.2;162;Turbine;0;3014;
1;G1-NOVA PONTE;63;NOVA PONTE;1;Group 1;302;102;170;115.2;192;Turbine;0;302;
2;G2-NOVA PONTE;63;NOVA PONTE;1;Group 1;302;102;170;115.2;192;Turbine;0;302;
3;G3-NOVA PONTE;63;NOVA PONTE;1;Group 1;302;102;170;115.2;192;Turbine;0;302;
1;G1-MIRANDA;64;MIRANDA;1;Group 1;312;80;136;135;225;Turbine;0;312;
2;G2-MIRANDA;64;MIRANDA;1;Group 1;312;80;136;135;225;Turbine;0;312;
3;G3-MIRANDA;64;MIRANDA;1;Group 1;312;80;136;135;225;Turbine;0;312;
1;G1-AMADOR AGUIAR I;65;AMADOR AGUIAR I;1;Group 1;4052;59.51;81;99;165;Turbine;0;4052;
2;G2-AMADOR AGUIAR I;65;AMADOR AGUIAR I;2;Group 2;4052;62.6;81;99;165;Turbine;0;4052;
3;G3-AMADOR AGUIAR I;65;AMADOR AGUIAR I;2;Group 2;4052;62.6;81;99;165;Turbine;0;4052;
1;G1-AMADOR AGUIAR II;66;AMADOR AGUIAR II;1;Group 1;4054;35;70;107.4;179;Turbine;0;4054;
2;G2-AMADOR AGUIAR II;66;AMADOR AGUIAR II;1;Group 1;4054;35;70;107.4;179;Turbine;0;4054;
3;G3-AMADOR AGUIAR II;66;AMADOR AGUIAR II;1;Group 1;4054;35;70;107.4;179;Turbine;0;4054;
1;G1-ESPORA;67;ESPORA;1;Group 1;3744;3.21;10.7;7.2;24;Turbine;0;3744;
2;G2-ESPORA;67;ESPORA;1;Group 1;3744;3.21;10.7;7.2;24;Turbine;0;3744;
3;G3-ESPORA;67;ESPORA;1;Group 1;3744;3.21;10.7;7.2;24;Turbine;0;3744;
1;G1-SALTO;68;SALTO;1;Group 1;9442;34.8;58;78;130;Turbine;0;9442;
2;G2-SALTO;68;SALTO;1;Group 1;9442;34.8;58;78;130;Turbine;0;9442;
1;G1-SALTO DO RIO VERDINHO;69;SALTO DO RIO VERDINHO;1;Group 1;9443;27.9;46.5;76.2;127;Turbine;0;9443;
2;G2-SALTO DO RIO VERDINHO;69;SALTO DO RIO VERDINHO;1;Group 1;9443;27.9;46.5;76.2;127;Turbine;0;9443;
1;G1-CAÇU;70;CAÇU;1;Group 1;9448;9.75;32.5;40.2;134;Turbine;0;9448;
2;G2-CAÇU;70;CAÇU;1;Group 1;9448;9.75;32.5;40.2;134;Turbine;0;9448;
1;G1-BARRA DOS COQUEIROS;71;BARRA DOS COQUEIROS;1;Group 1;9449;13.5;45;41.7;139;Turbine;0;9449;
2;G2-BARRA DOS COQUEIROS;71;BARRA DOS COQUEIROS;1;Group 1;9449;13.5;45;41.7;139;Turbine;0;9449;
1;G1-FOZ DO RIO CLARO;72;FOZ DO RIO CLARO;1;Group 1;9447;10.26;34.2;44.7;149;Turbine;0;9447;
2;G2-FOZ DO RIO CLARO;72;FOZ DO RIO CLARO;1;Group 1;9447;10.26;34.2;44.7;149;Turbine;0;9447;
1;G1-CAMARGOS;73;CAMARGOS;1;Group 1;1501;8.5;22.5;44;110;Turbine;0;1501;
2;G2-CAMARGOS;73;CAMARGOS;1;Group 1;1501;8.5;22.5;44;110;Turbine;0;1501;
1;G1-ITUTINGA;74;ITUTINGA;1;Group 1;1538;6;12.5;28.5;57;Turbine;0;1538;
2;G2-ITUTINGA;74;ITUTINGA;1;Group 1;1538;6;12.5;28.5;57;Turbine;0;1538;
3;G3-ITUTINGA;74;ITUTINGA;2;Group 2;1538;13;14;58;63;Turbine;0;1538;
4;G4-ITUTINGA;74;ITUTINGA;3;Group 3;1538;12;13.5;54;59;Turbine;0;1538;
1;G1-FUNIL GRANDE;75;FUNIL - GRANDE;1;Group 1;4044;19.3;60;78;195;Turbine;0;4044;
2;G2-FUNIL GRANDE;75;FUNIL - GRANDE;1;Group 1;4044;19.3;60;78;195;Turbine;0;4044;
3;G3-FUNIL GRANDE;75;FUNIL - GRANDE;1;Group 1;4044;19.3;60;78;195;Turbine;0;4044;
1;G1-MASCARENHAS DE MORAES;76;MASCARENHAS DE MORAES;1;Group 1;24;23;40;65.4;109;Turbine;0;24;
2;G2-MASCARENHAS DE MORAES;76;MASCARENHAS DE MORAES;1;Group 1;24;23;40;65.4;109;Turbine;0;24;
3;G3-MASCARENHAS DE MORAES;76;MASCARENHAS DE MORAES;2;Group 2;24;26;48;73.8;123;Turbine;0;24;
4;G4-MASCARENHAS DE MORAES;76;MASCARENHAS DE MORAES;2;Group 2;24;26;48;73.8;123;Turbine;0;24;
5;G5-MASCARENHAS DE MORAES;76;MASCARENHAS DE MORAES;3;Group 3;22;36;49.4;85.2;142;Turbine;0;22;
6;G6-MASCARENHAS DE MORAES;76;MASCARENHAS DE MORAES;3;Group 3;22;36;49.4;85.2;142;Turbine;0;22;
7;G7-MASCARENHAS DE MORAES;76;MASCARENHAS DE MORAES;3;Group 3;22;36;49.4;85.2;142;Turbine;0;22;
8;G8-MASCARENHAS DE MORAES;76;MASCARENHAS DE MORAES;3;Group 3;22;36;49.4;85.2;142;Turbine;0;22;
9;G9-MASCARENHAS DE MORAES;76;MASCARENHAS DE MORAES;4;Group 4;22;36;52;88.8;148;Turbine;0;22;
10;G10-MASCARENHAS DE MORAES;76;MASCARENHAS DE MORAES;4;Group 4;22;36;52;88.8;148;Turbine;0;22;
1;G1-JAGUARA;77;JAGUARA;1;Group 1;301;75;106;161.4;269;Turbine;0;301;
2;G2-JAGUARA;77;JAGUARA;2;Group 2;301;80;106;161.4;269;Turbine;0;301;
3;G3-JAGUARA;77;JAGUARA;1;Group 1;301;75;106;161.4;269;Turbine;0;301;
4;G4-JAGUARA;77;JAGUARA;1;Group 1;301;75;106;161.4;269;Turbine;0;301;
1;G1-IGARAPAVA;78;IGARAPAVA;1;Group 1;343;12;42;90;296;Turbine;0;343;
2;G2-IGARAPAVA;78;IGARAPAVA;1;Group 1;343;12;42;90;296;Turbine;0;343;
3;G3-IGARAPAVA;78;IGARAPAVA;1;Group 1;343;12;42;90;296;Turbine;0;343;
4;G4-IGARAPAVA;78;IGARAPAVA;1;Group 1;343;12;42;90;296;Turbine;0;343;
5;G5-IGARAPAVA;78;IGARAPAVA;1;Group 1;343;12;42;90;296;Turbine;0;343;
1;G1-VOLTA GRANDE;79;VOLTA GRANDE;1;Group 1;305;50;95;190;396;Turbine;0;305;
2;G2-VOLTA GRANDE;79;VOLTA GRANDE;1;Group 1;305;50;95;190;396;Turbine;0;305;
3;G3-VOLTA GRANDE;79;VOLTA GRANDE;1;Group 1;305;50;95;190;396;Turbine;0;305;
4;G4-VOLTA GRANDE;79;VOLTA GRANDE;1;Group 1;305;50;95;190;396;Turbine;0;305;
1;G1-PORTO COLÔMBIA;80;PORTO COLÔMBIA;1;Group 1;28;40;80;150;497;Turbine;0;28;
2;G2-PORTO COLÔMBIA;80;PORTO COLÔMBIA;1;Group 1;28;40;80;150;497;Turbine;0;28;
3;G3-PORTO COLÔMBIA;80;PORTO COLÔMBIA;1;Group 1;28;40;80;150;497;Turbine;0;28;
4;G4-PORTO COLÔMBIA;80;PORTO COLÔMBIA;1;Group 1;28;40;80;150;497;Turbine;0;28;
1;G1-CACONDE;81;CACONDE;1;Group 1;521;24.72;41.2;28.8;48;Turbine;0;521;
2;G2-CACONDE;81;CACONDE;2;Group 2;521;23.52;39.2;27.6;46;Turbine;0;521;
1;G1-E. DA CUNHA;82;E. DA CUNHA;1;Group 1;522;16.32;27.2;22.2;37;Turbine;0;522;
2;G2-E. DA CUNHA;82;E. DA CUNHA;1;Group 1;522;16.32;27.2;22.2;37;Turbine;0;522;
3;G3-E. DA CUNHA;82;E. DA CUNHA;1;Group 1;522;16.32;27.2;22.2;37;Turbine;0;522;
4;G4-E. DA CUNHA;82;E. DA CUNHA;1;Group 1;522;16.32;27.2;22.2;37;Turbine;0;522;
1;G1-A. S. OLIVEIRA;83;A. S. OLIVEIRA;1;Group 1;523;6.4;16;36;89;Turbine;0;523;
2;G2-A. S. OLIVEIRA;83;A. S. OLIVEIRA;1;Group 1;523;6.4;16;36;89;Turbine;0;523;
1;G1-SÃO DOMINGOS;84;SÃO DOMINGOS;1;Group 1;1866;9.6;24;32.4;81;Turbine;0;1866;
2;G2-SÃO DOMINGOS;84;SÃO DOMINGOS;1;Group 1;1866;9.6;24;32.4;81;Turbine;0;1866;
1;PUMP-PEDREIRA;87;PEDREIRA;1;Group 1;483;0;0;0;395;Pump;0.25;483;
1;PUMP-TRAIÇÃO;88;TRAIÇÃO;1;Group 1;483;0;0;0;270;Pump;0.3;483;
1;G1-BARRA BONITA;91;BARRA BONITA;1;Group 1;516;14;35;75.6;189;Turbine;0;516;
2;G2-BARRA BONITA;91;BARRA BONITA;1;Group 1;516;14;35;75.6;189;Turbine;0;516;
3;G3-BARRA BONITA;91;BARRA BONITA;1;Group 1;516;14;35;75.6;189;Turbine;0;516;
4;G4-BARRA BONITA;91;BARRA BONITA;1;Group 1;516;14;35;75.6;189;Turbine;0;516;
1;G1-BARIRI;92;BARIRI;1;Group 1;515;19.2;48;103;257;Turbine;0;515;
2;G2-BARIRI;92;BARIRI;1;Group 1;515;19.2;48;103;257;Turbine;0;515;
3;G3-BARIRI;92;BARIRI;1;Group 1;515;19.2;48;103;257;Turbine;0;515;
1;G1-IBITINGA;93;IBITINGA;1;Group 1;517;17;43.8;94;234;Turbine;0;517;
2;G2-IBITINGA;93;IBITINGA;1;Group 1;517;17;43.8;94;234;Turbine;0;517;
3;G3-IBITINGA;93;IBITINGA;1;Group 1;517;17;43.8;94;234;Turbine;0;517;
1;G1-PROMISSÃO;94;PROMISSÃO;1;Group 1;519;35;88;173;431;Turbine;0;519;
2;G2-PROMISSÃO;94;PROMISSÃO;1;Group 1;519;35;88;173;431;Turbine;0;519;
3;G3-PROMISSÃO;94;PROMISSÃO;1;Group 1;519;35;88;173;431;Turbine;0;519;
1;G1-N.AVANHANDAVA;95;N.AVANHANDAVA;1;Group 1;518;46;115.8;191;477;Turbine;0;518;
2;G2-N.AVANHANDAVA;95;N.AVANHANDAVA;1;Group 1;518;46;115.8;191;477;Turbine;0;518;
3;G3-N.AVANHANDAVA;95;N.AVANHANDAVA;1;Group 1;518;46;115.8;191;477;Turbine;0;518;
1;G1-HENRY BORDEN;96;HENRY BORDEN;1;External 1;7452;0;40;0;7;Turbine;0;7452;
2;G2-HENRY BORDEN;96;HENRY BORDEN;2;External 2;7452;0;36;0;6;Turbine;0;7452;
3;G3-HENRY BORDEN;96;HENRY BORDEN;3;External 3;7451;0;65;0;11;Turbine;0;7451;
4;G4-HENRY BORDEN;96;HENRY BORDEN;3;External 3;7453;0;65;0;11;Turbine;0;7453;Group changed after network reduction
5;G5-HENRY BORDEN;96;HENRY BORDEN;3;External 3;7453;0;65;0;11;Turbine;0;7453;Group changed after network reduction
6;G6-HENRY BORDEN;96;HENRY BORDEN;3;External 3;7453;0;65;0;11;Turbine;0;7453;Group changed after network reduction
7;G7-HENRY BORDEN;96;HENRY BORDEN;3;External 3;7451;0;65;0;11;Turbine;0;7451;Group changed after network reduction
8;G8-HENRY BORDEN;96;HENRY BORDEN;4;Underground 1;7454;0;68;0;12;Turbine;0;7454;
9;G9-HENRY BORDEN;96;HENRY BORDEN;5;Underground 2;7454;0;70;0;12;Turbine;0;7454;Group changed after network reduction
10;G10-HENRY BORDEN;96;HENRY BORDEN;5;Underground 2;7454;0;70;0;12;Turbine;0;7454;Group changed after network reduction
11;G11-HENRY BORDEN;96;HENRY BORDEN;5;Underground 2;7458;0;70;0;12;Turbine;0;7458;Group changed after network reduction
12;G12-HENRY BORDEN;96;HENRY BORDEN;5;Underground 2;7458;0;70;0;12;Turbine;0;7458;Group changed after network reduction
13;G13-HENRY BORDEN;96;HENRY BORDEN;5;Underground 2;7459;0;70;0;12;Turbine;0;7459;Group changed after network reduction
14;G14-HENRY BORDEN;96;HENRY BORDEN;5;Underground 2;7459;0;70;0;12;Turbine;0;7459;Group changed after network reduction
1;G1-JURUMIRIM;97;JURUMIRIM;1;Group 1;506;21;48.9;73;182;Turbine;0;506;
2;G2-JURUMIRIM;97;JURUMIRIM;1;Group 1;506;21;48.9;73;182;Turbine;0;506;
1;G1-PIRAJU;98;PIRAJU;1;Group 1;614;16;40;72;181;Turbine;0;614;
2;G2-PIRAJU;98;PIRAJU;1;Group 1;614;16;40;72;181;Turbine;0;614;
1;G1-OURINHOS;99;OURINHOS;1;Group 1;2031;6;14.7;65;162;Turbine;0;2031;
2;G2-OURINHOS;99;OURINHOS;1;Group 1;2031;6;14.7;65;162;Turbine;0;2031;
3;G3-OURINHOS;99;OURINHOS;1;Group 1;2031;6;14.7;65;162;Turbine;0;2031;
1;G1-L. N. GARCEZ;100;L. N. GARCEZ;1;Group 1;512;7;18.45;60;145;Turbine;0;512;
2;G2-L. N. GARCEZ;100;L. N. GARCEZ;1;Group 1;512;7;18.45;60;145;Turbine;0;512;
3;G3-L. N. GARCEZ;100;L. N. GARCEZ;1;Group 1;512;7;18.45;60;145;Turbine;0;512;
4;G4-L. N. GARCEZ;100;L. N. GARCEZ;1;Group 1;512;7;18.45;60;145;Turbine;0;512;
1;G1-CANOAS II;101;CANOAS II;1;Group 1;509;7;24;75;187;Turbine;0;509;
2;G2-CANOAS II;101;CANOAS II;1;Group 1;509;7;24;75;187;Turbine;0;509;
3;G3-CANOAS II;101;CANOAS II;1;Group 1;509;7;24;75;187;Turbine;0;509;
1;G1-CANOAS I;102;CANOAS I;1;Group 1;508;8;27.5;77;189;Turbine;0;508;
2;G2-CANOAS I;102;CANOAS I;1;Group 1;508;8;27.5;77;189;Turbine;0;508;
3;G3-CANOAS I;102;CANOAS I;1;Group 1;508;8;27.5;77;189;Turbine;0;508;
1;G1-MAUÁ;103;MAUÁ;1;Group 1;983;60;117;60;113;Turbine;0;983;
2;G2-MAUÁ;103;MAUÁ;1;Group 1;983;60;117;60;113;Turbine;0;983;
3;G3-MAUÁ;103;MAUÁ;1;Group 1;983;60;117;60;113;Turbine;0;983;
1;G1-SANTA CLARA - PR;104;SANTA CLARA - PR;1;Group 1;806;35;60;49;81;Turbine;0;806;
2;G2-SANTA CLARA - PR;104;SANTA CLARA - PR;1;Group 1;806;35;60;49;81;Turbine;0;806;
1;G1-FUNDÃO;105;FUNDÃO;1;Group 1;2475;35;60;49;81;Turbine;0;2475;
2;G2-FUNDÃO;105;FUNDÃO;1;Group 1;2475;35;60;49;81;Turbine;0;2475;
1;G1-BAIXO IGUAÇU;107;BAIXO IGUAÇU;1;Group 1;9356;41;117;340;840;Turbine;0;9356;
2;G2-BAIXO IGUAÇU;107;BAIXO IGUAÇU;1;Group 1;9356;41;117;340;840;Turbine;0;9356;
3;G3-BAIXO IGUAÇU;107;BAIXO IGUAÇU;1;Group 1;9356;41;117;340;840;Turbine;0;9356;
1;G1-MANSO;108;MANSO;1;Group 1;21;31;52.5;60;100;Turbine;0;21;
2;G2-MANSO;108;MANSO;1;Group 1;21;31;52.5;60;100;Turbine;0;21;
3;G3-MANSO;108;MANSO;1;Group 1;21;31;52.5;60;100;Turbine;0;21;
4;G4-MANSO;108;MANSO;1;Group 1;21;31;52.5;60;100;Turbine;0;21;
1;G1-ITIQUIRA I;109;ITIQUIRA I;1;Group 1;4523;18;30.4;24;40;Turbine;0;4523;
2;G2-ITIQUIRA I;109;ITIQUIRA I;1;Group 1;4523;18;30.4;24;40;Turbine;0;4523;
1;G1-ITIQUIRA II;110;ITIQUIRA II;1;Group 1;4525;28;48.3;24;39;Turbine;0;4525;
2;G2-ITIQUIRA II;110;ITIQUIRA II;1;Group 1;4525;28;48.3;24;39;Turbine;0;4525;
1;G1-PONTE PEDRA;111;PONTE PEDRA;1;Group 1;4520;40;58.7;16;26;Turbine;0;4520;
2;G2-PONTE PEDRA;111;PONTE PEDRA;1;Group 1;4520;40;58.7;16;26;Turbine;0;4520;
3;G3-PONTE PEDRA;111;PONTE PEDRA;1;Group 1;4520;40;58.7;16;26;Turbine;0;4520;
1;G1-JAURU;112;JAURU;1;Group 1;4809;19;40.5;26;42;Turbine;0;4809;
2;G2-JAURU;112;JAURU;1;Group 1;4809;19;40.5;26;42;Turbine;0;4809;
3;G3-JAURU;112;JAURU;2;Group 2;4809;19;40.5;26;43;Turbine;0;4809;
1;G1-PASSO FUNDO;113;PASSO FUNDO;1;Group 1;917;70;113;31;51;Turbine;0;917;
2;G2-PASSO FUNDO;113;PASSO FUNDO;1;Group 1;917;70;113;31;51;Turbine;0;917;
1;G1-MONJOLINHO;114;MONJOLINHO;1;Group 1;931;18.92;37.12;41;67;Turbine;0;931;
2;G2-MONJOLINHO;114;MONJOLINHO;1;Group 1;931;18.92;37.12;41;67;Turbine;0;931;
1;G1-GARIBALDI;115;GARIBALDI;1;Group 1;9735;32;63;100;167;Turbine;0;9735;
2;G2-GARIBALDI;115;GARIBALDI;1;Group 1;9735;32;63;100;167;Turbine;0;9735;
3;G3-GARIBALDI;115;GARIBALDI;1;Group 1;9735;32;63;100;167;Turbine;0;9735;
1;G1-QUEBRA-QUEIXO;116;QUEBRA-QUEIXO;1;Group 1;2836;25;40.5;23;38;Turbine;0;2836;
2;G2-QUEBRA-QUEIXO;116;QUEBRA-QUEIXO;2;Group 2;2836;15;40.5;23;38;Turbine;0;2836;
3;G3-QUEBRA-QUEIXO;116;QUEBRA-QUEIXO;2;Group 2;2836;15;40.5;23;38;Turbine;0;2836;
1;G1-SÃO JOSÉ;117;SÃO JOSÉ;1;Group 1;9220;8;25.5;58;144;Turbine;0;9220;
2;G2-SÃO JOSÉ;117;SÃO JOSÉ;1;Group 1;9220;8;25.5;58;144;Turbine;0;9220;
1;G1-PASSO S. JOÃO;118;PASSO S. JOÃO;1;Group 1;9218;10;38.5;57;163;Turbine;0;9218;
2;G2-PASSO S. JOÃO;118;PASSO S. JOÃO;1;Group 1;9218;10;38.5;57;163;Turbine;0;9218;
1;G1-FOZ DO CHAPECÓ;119;FOZ DO CHAPECÓ;1;Group 1;1070;150;213.75;284;472;Turbine;0;1070;
2;G2-FOZ DO CHAPECÓ;119;FOZ DO CHAPECÓ;1;Group 1;1070;150;213.75;284;472;Turbine;0;1070;
3;G3-FOZ DO CHAPECÓ;119;FOZ DO CHAPECÓ;1;Group 1;1070;150;213.75;284;472;Turbine;0;1070;
4;G4-FOZ DO CHAPECÓ;119;FOZ DO CHAPECÓ;1;Group 1;1070;150;213.75;284;472;Turbine;0;1070;
1;G1-PASSO REAL;121;PASSO REAL;1;Group 1;1175;40;82;97;242;Turbine;0;1175;
2;G2-PASSO REAL;121;PASSO REAL;2;Group 2;1175;40;76;90;224;Turbine;0;1175;
1;G1-JACUÍ;122;JACUÍ;1;Group 1;1162;18;30;23;39;Turbine;0;1162;
2;G2-JACUÍ;122;JACUÍ;1;Group 1;1162;18;30;23;39;Turbine;0;1162;
3;G3-JACUÍ;122;JACUÍ;1;Group 1;1162;18;30;23;39;Turbine;0;1162;
4;G4-JACUÍ;122;JACUÍ;1;Group 1;1162;18;30;23;39;Turbine;0;1162;
5;G5-JACUÍ;122;JACUÍ;1;Group 1;1162;18;30;23;39;Turbine;0;1162;
6;G6-JACUÍ;122;JACUÍ;1;Group 1;1162;18;30;23;39;Turbine;0;1162;
1;G1-ITAÚBA;123;ITAÚBA;1;Group 1;1155;75;125;93;155;Turbine;0;1155;
2;G2-ITAÚBA;123;ITAÚBA;1;Group 1;1155;75;125;93;155;Turbine;0;1155;
3;G3-ITAÚBA;123;ITAÚBA;1;Group 1;1155;75;125;93;155;Turbine;0;1155;
4;G4-ITAÚBA;123;ITAÚBA;1;Group 1;1155;75;125;93;155;Turbine;0;1155;
1;G1-DONA FRANCISCA;124;DONA FRANCISCA;1;Group 1;1176;32;62.5;113;188;Turbine;0;1176;
2;G2-DONA FRANCISCA;124;DONA FRANCISCA;1;Group 1;1176;32;62.5;113;188;Turbine;0;1176;
1;G1-CASTRO ALVES;125;CASTRO ALVES;1;Group 1;1166;19.44;43.33;22;53;Turbine;0;1166;
2;G2-CASTRO ALVES;125;CASTRO ALVES;1;Group 1;1166;19.44;43.33;22;53;Turbine;0;1166;
3;G3-CASTRO ALVES;125;CASTRO ALVES;1;Group 1;1166;19.44;43.33;22;53;Turbine;0;1166;
1;G1-MONTE CLARO;126;MONTE CLARO;1;Group 1;1159;20;65.35;75;186;Turbine;0;1159;
2;G2-MONTE CLARO;126;MONTE CLARO;1;Group 1;1159;20;65.35;75;186;Turbine;0;1159;
1;G1-14 DE JULHO;127;14 DE JULHO;1;Group 1;1168;15.54;51.8;70;170;Turbine;0;1168;
2;G2-14 DE JULHO;127;14 DE JULHO;1;Group 1;1168;15.54;51.8;70;170;Turbine;0;1168;
1;G1-SALTO PILÃO;128;SALTO PILÃO;1;Group 1;2863;36.46;95.94;35;55;Turbine;0;2863;
2;G2-SALTO PILÃO;128;SALTO PILÃO;1;Group 1;2863;36.46;95.94;35;55;Turbine;0;2863;
1;G1-C. CACHOEIRA;129;CAPIVARI-CACHOEIRA;1;Group 1;804;15;68.6;2.5;10;Turbine;0;804;
2;G2-C. CACHOEIRA;129;CAPIVARI-CACHOEIRA;1;Group 1;804;15;68.6;2.5;10;Turbine;0;804;
3;G3-C. CACHOEIRA;129;CAPIVARI-CACHOEIRA;1;Group 1;804;15;68.6;2.5;10;Turbine;0;804;
4;G4-C. CACHOEIRA;129;CAPIVARI-CACHOEIRA;1;Group 1;804;15;68.6;2.5;10;Turbine;0;804;
1;G1-ROSAL;130;ROSAL;1;Group 1;2696;20;27.5;10;16;Turbine;0;2696;
2;G2-ROSAL;130;ROSAL;2;Group 2;2696;15;27.5;10;16;Turbine;0;2696;
1;G1-GUILMAN-AMORIM;131;GUILMAN-AMORIM;1;Group 1;306;21.5;35.9;21;34;Turbine;0;306;
2;G2-GUILMAN-AMORIM;131;GUILMAN-AMORIM;1;Group 1;306;21.5;35.9;21;34;Turbine;0;306;
3;G3-GUILMAN-AMORIM;131;GUILMAN-AMORIM;1;Group 1;306;21.5;35.9;21;34;Turbine;0;306;
4;G4-GUILMAN-AMORIM;131;GUILMAN-AMORIM;2;Group 2;306;25.1;35.9;21;34;Turbine;0;306;
1;G1-SÁ CARVALHO;132;SÁ CARVALHO;1;Group 1;1599;1;15;10;16;Turbine;0;1599;
2;G2-SÁ CARVALHO;132;SÁ CARVALHO;2;Group 2;1599;8;15;10;16;Turbine;0;1599;
3;G3-SÁ CARVALHO;132;SÁ CARVALHO;3;Group 3;1599;9;18;12;19;Turbine;0;1599;
4;G4-SÁ CARVALHO;132;SÁ CARVALHO;4;Group 4;1599;22.5;30;20;32;Turbine;0;1599;
1;G1-CANDONGA;133;CANDONGA;1;Group 1;1559;25;45;43;106;Turbine;0;1559;
2;G2-CANDONGA;133;CANDONGA;1;Group 1;1559;25;45;43;106;Turbine;0;1559;
3;G3-CANDONGA;133;CANDONGA;1;Group 1;1559;25;45;43;106;Turbine;0;1559;
1;G1-BAGUARI;134;BAGUARI;1;Group 1;1496;14;35;88;218;Turbine;0;1496;
2;G2-BAGUARI;134;BAGUARI;1;Group 1;1496;14;35;88;218;Turbine;0;1496;
3;G3-BAGUARI;134;BAGUARI;1;Group 1;1496;14;35;88;218;Turbine;0;1496;
4;G4-BAGUARI;134;BAGUARI;1;Group 1;1496;14;35;88;218;Turbine;0;1496;
1;G1-AIMORÉS;135;AIMORÉS;1;Group 1;4042;35;110;173;432;Turbine;0;4042;
2;G2-AIMORÉS;135;AIMORÉS;1;Group 1;4042;35;110;173;432;Turbine;0;4042;
3;G3-AIMORÉS;135;AIMORÉS;1;Group 1;4042;35;110;173;432;Turbine;0;4042;
1;G1-MASCARENHAS;136;MASCARENHAS;1;Group 1;2600;18;45;122;304;Turbine;0;2600;
2;G2-MASCARENHAS;136;MASCARENHAS;1;Group 1;2600;18;45;122;304;Turbine;0;2600;
3;G3-MASCARENHAS;136;MASCARENHAS;2;Group 2;2600;20;49.5;122;304;Turbine;0;2600;
4;G4-MASCARENHAS;136;MASCARENHAS;2;Group 2;2600;20;49.5;122;304;Turbine;0;2600;
1;G1-SALTO GRANDE;137;SALTO GRANDE;1;Group 1;1502;19;27;21;35;Turbine;0;1502;
2;G2-SALTO GRANDE;137;SALTO GRANDE;1;Group 1;1502;19;27;21;35;Turbine;0;1502;
3;G3-SALTO GRANDE;137;SALTO GRANDE;2;Group 2;1502;15;24;19;31;Turbine;0;1502;
4;G4-SALTO GRANDE;137;SALTO GRANDE;2;Group 2;1502;15;24;19;31;Turbine;0;1502;
1;G1-PORTO ESTRELA;138;PORTO ESTRELA;1;Group 1;1594;20;56;50;124;Turbine;0;1594;
2;G2-PORTO ESTRELA;138;PORTO ESTRELA;1;Group 1;1594;20;56;50;124;Turbine;0;1594;
1;G1-SANTA CLARA - MG;139;SANTA CLARA - MG;1;Group 1;1511;10.1;20.6;20;44;Turbine;0;1511;
2;G2-SANTA CLARA - MG;139;SANTA CLARA - MG;1;Group 1;1511;10.1;20.6;20;44;Turbine;0;1511;
3;G3-SANTA CLARA - MG;139;SANTA CLARA - MG;1;Group 1;1511;10.1;20.6;20;44;Turbine;0;1511;
1;G1-IRAPÉ;140;IRAPÉ;1;Group 1;4064;70;133;54;89;Turbine;0;4064;
2;G2-IRAPÉ;140;IRAPÉ;1;Group 1;4064;70;133;54;89;Turbine;0;4064;
3;G3-IRAPÉ;140;IRAPÉ;1;Group 1;4064;70;133;54;89;Turbine;0;4064;
1;G1-ITAPEBI;141;ITAPEBI;1;Group 1;5975;90;154;132;220;Turbine;0;5975;
2;G2-ITAPEBI;141;ITAPEBI;1;Group 1;5975;90;154;132;220;Turbine;0;5975;
3;G3-ITAPEBI;141;ITAPEBI;1;Group 1;5975;90;154;132;220;Turbine;0;5975;
1;G1-PEDRA DO CAVALO;142;PEDRA DO CAVALO;1;Group 1;5888;40;80;54;90;Turbine;0;5888;
2;G2-PEDRA DO CAVALO;142;PEDRA DO CAVALO;1;Group 1;5888;40;80;54;90;Turbine;0;5888;
1;G1-RETIRO BAIXO;143;RETIRO BAIXO;1;Group 1;4068;12.7;42.35;53;131;Turbine;0;4068;
2;G2-RETIRO BAIXO;143;RETIRO BAIXO;1;Group 1;4068;12.7;42.35;53;131;Turbine;0;4068;
1;G1-QUEIMADO;144;QUEIMADO;1;Group 1;4039;17.3;35;15;24;Turbine;0;4039;
2;G2-QUEIMADO;144;QUEIMADO;1;Group 1;4039;17.3;35;15;24;Turbine;0;4039;
3;G3-QUEIMADO;144;QUEIMADO;1;Group 1;4039;17.3;35;15;24;Turbine;0;4039;
1;G1-BOA ESPERANÇA;145;BOA ESPERANÇA;1;Group 1;5520;47.1;55;87;145;Turbine;0;5520;
2;G2-BOA ESPERANÇA;145;BOA ESPERANÇA;1;Group 1;5520;47.1;55;87;145;Turbine;0;5520;
3;G3-BOA ESPERANÇA;145;BOA ESPERANÇA;2;Group 2;5522;53.1;63.55;100;167;Turbine;0;5522;
4;G4-BOA ESPERANÇA;145;BOA ESPERANÇA;2;Group 2;5522;53.1;63.55;100;167;Turbine;0;5522;
1;G1-CANA BRAVA;146;CANA BRAVA;1;Group 1;3964;120;150;231;385;Turbine;0;3964;
2;G2-CANA BRAVA;146;CANA BRAVA;1;Group 1;3964;120;150;231;385;Turbine;0;3964;
3;G3-CANA BRAVA;146;CANA BRAVA;1;Group 1;3964;120;150;231;385;Turbine;0;3964;
1;G1-SÃO SALVADOR;147;SÃO SALVADOR;1;Group 1;3968;60;121.6;234;585;Turbine;0;3968;
2;G2-SÃO SALVADOR;147;SÃO SALVADOR;1;Group 1;3968;60;121.6;234;585;Turbine;0;3968;
1;G1-PEIXE ANGICAL;148;PEIXE ANGICAL;1;Group 1;7110;70;166.25;280;691;Turbine;0;7110;
2;G2-PEIXE ANGICAL;148;PEIXE ANGICAL;1;Group 1;7110;70;166.25;280;691;Turbine;0;7110;
3;G3-PEIXE ANGICAL;148;PEIXE ANGICAL;1;Group 1;7110;70;166.25;280;691;Turbine;0;7110;
1;G1-DARDANELOS;149;DARDANELOS;1;Group 1;4890;34.8;58;41;68;Turbine;0;4890;
2;G2-DARDANELOS;149;DARDANELOS;1;Group 1;4890;34.8;58;41;68;Turbine;0;4890;Group changed after network reduction
3;G3-DARDANELOS;149;DARDANELOS;1;Group 1;4891;34.8;58;41;68;Turbine;0;4891;Group changed after network reduction
4;G4-DARDANELOS;149;DARDANELOS;1;Group 1;4891;34.8;58;41;68;Turbine;0;4891;
5;G5-DARDANELOS;149;DARDANELOS;2;Group 2;4891;17.4;29;21;34;Turbine;0;4891;
1;G1-RONDON II;150;RONDON II;1;Group 1;6831;19.7;24.4;28;46;Turbine;0;6831;
2;G2-RONDON II;150;RONDON II;1;Group 1;6831;19.7;24.4;28;46;Turbine;0;6831;
3;G3-RONDON II;150;RONDON II;1;Group 1;6831;19.7;24.4;28;46;Turbine;0;6831;
1;G1-GUAPORÉ;151;GUAPORÉ;1;Group 1;4804;24;40;17;28;Turbine;0;4804;
2;G2-GUAPORÉ;151;GUAPORÉ;1;Group 1;4804;24;40;17;28;Turbine;0;4804;
3;G3-GUAPORÉ;151;GUAPORÉ;1;Group 1;4804;24;40;17;28;Turbine;0;4804;
1;G1-SAMUEL;152;SAMUEL;1;Group 1;6891;22.2;43.2;102;169;Turbine;0;6891;
2;G2-SAMUEL;152;SAMUEL;1;Group 1;6891;22.2;43.2;102;169;Turbine;0;6891;
3;G3-SAMUEL;152;SAMUEL;1;Group 1;6891;22.2;43.2;102;169;Turbine;0;6891;
4;G4-SAMUEL;152;SAMUEL;1;Group 1;6891;22.2;43.2;102;169;Turbine;0;6891;
5;G5-SAMUEL;152;SAMUEL;1;Group 1;6891;22.2;43.2;102;169;Turbine;0;6891;
1;G1-BALBINA;153;BALBINA;1;Group 1;8597;20;50;102;255;Turbine;0;8597;
2;G2-BALBINA;153;BALBINA;1;Group 1;8597;20;50;102;255;Turbine;0;8597;
3;G3-BALBINA;153;BALBINA;1;Group 1;8597;20;50;102;255;Turbine;0;8597;
4;G4-BALBINA;153;BALBINA;1;Group 1;8597;20;50;102;255;Turbine;0;8597;
5;G5-BALBINA;153;BALBINA;1;Group 1;8597;20;50;102;255;Turbine;0;8597;
1;G1-SANTO ANTÔNIO JARI;154;SANTO ANTÔNIO JARI;1;Group 1;8269;51;129.9;234;585;Turbine;0;8269;
2;G2-SANTO ANTÔNIO JARI;154;SANTO ANTÔNIO JARI;1;Group 1;8269;51;129.9;234;585;Turbine;0;8269;
3;G3-SANTO ANTÔNIO JARI;154;SANTO ANTÔNIO JARI;1;Group 1;8269;51;129.9;234;585;Turbine;0;8269;
1;G1-SINOP;155;SINOP;1;Group 1;4478;61;201;320;800;Turbine;0;4478;
2;G2-SINOP;155;SINOP;1;Group 1;4478;61;201;320;800;Turbine;0;4478;
1;G1-COLÍDER;156;COLÍDER;1;Group 1;4462;30;100;207;517;Turbine;0;4462;
2;G2-COLÍDER;156;COLÍDER;1;Group 1;4462;30;100;207;517;Turbine;0;4462;
3;G3-COLÍDER;156;COLÍDER;1;Group 1;4462;30;100;207;517;Turbine;0;4462;
1;G1-SÃO MANOEL;157;SÃO MANOEL;1;Group 1;4489;85;175;380;947;Turbine;0;4489;
2;G2-SÃO MANOEL;157;SÃO MANOEL;1;Group 1;4489;85;175;380;947;Turbine;0;4489;
3;G3-SÃO MANOEL;157;SÃO MANOEL;1;Group 1;4489;85;175;380;947;Turbine;0;4489;
4;G4-SÃO MANOEL;157;SÃO MANOEL;1;Group 1;4489;85;175;380;947;Turbine;0;4489;
1;G1-CURUÁ-UNA;158;CURUÁ-UNA;1;Group 1;99751;4;10;25;62;Turbine;0;99751;
2;G2-CURUÁ-UNA;158;CURUÁ-UNA;1;Group 1;99751;4;10;25;62;Turbine;0;99751;
3;G3-CURUÁ-UNA;158;CURUÁ-UNA;2;Group 2;99752;4.12;10.3;26;64;Turbine;0;99752;
1;G1-CACHOEIRA CALDEIRÃO;159;CACHOEIRA CALDEIRÃO;1;Group 1;8276;22.65;73;220;547;Turbine;0;8276;
2;G2-CACHOEIRA CALDEIRÃO;159;CACHOEIRA CALDEIRÃO;1;Group 1;8276;22.65;73;220;547;Turbine;0;8276;
3;G3-CACHOEIRA CALDEIRÃO;159;CACHOEIRA CALDEIRÃO;1;Group 1;8276;22.65;73;220;547;Turbine;0;8276;
1;G1-COARACY NUNES;160;COARACY NUNES;1;Group 1;8224;6.38;24;50;123;Turbine;0;8224;
2;G2-COARACY NUNES;160;COARACY NUNES;1;Group 1;8224;6.38;24;50;123;Turbine;0;8224;
3;G3-COARACY NUNES;160;COARACY NUNES;2;Group 2;8225;6.88;30;62;153;Turbine;0;8225;
1;G1-FERREIRA GOMES;161;FERREIRA GOMES;1;Group 1;8279;20;84;230;574;Turbine;0;8279;
2;G2-FERREIRA GOMES;161;FERREIRA GOMES;1;Group 1;8279;20;84;230;574;Turbine;0;8279;
3;G3-FERREIRA GOMES;161;FERREIRA GOMES;1;Group 1;8279;20;84;230;574;Turbine;0;8279;
1;G1-LAJES;47;LAJES;1;Group 1;8279;0;0;0;0;Turbine;0;8279;
3;G1-SANTA BRANCA;49;SANTA BRANCA;1;Group 1;8279;0;0;0;0;Turbine;0;8279;
1;G1-SANTANA;52;SANTANA;1;Group 1;8279;0;0;0;0;Turbine;0;8279;
1;G1-GUARAPIRANGA;85;GUARAPIRANGA;1;Group 1;8279;0;0;0;0;Turbine;0;8279;
1;G1-BILLINGS;86;BILLINGS;1;Group 1;8279;0;0;0;0;Turbine;0;8279;
1;G1-EDGARD DE SOUZA;90;EDGARD DE SOUZA;1;Group 1;8279;0;0;0;0;Turbine;0;8279;
1;G1-JORDÃO;106;JORDÃO;1;Group 1;8279;0;0;0;0;Turbine;0;8279;
1;G1-ERNESTINA;120;ERNESTINA;1;Group 1;8279;0;0;0;0;Turbine;0;8279;
</Hydro generating units>;;;;;;;;;;;;;;
</END>;;;;;;;;;;;;;;
