<BEGIN>;;;;;;;;;;;;;;;;;;;
<Hydro plants>;;;;;;;;;;;;;;;;;;;
ID;Name;Minimum reservoir volume (hm3);Maximum reservoir volume (hm3);Name of downriver reservoir;Water travelling time (h);Run-of-river plant? TRUE or FALSE;Minimum forebay level (m);Maximum forebay level (m);Maximum spillage (m3/s);Basin;Influence of spillage on the HPF? Yes or No;Maximum spillage - HPF;Downriver plant of bypass discharge;Maximum bypass discharge (m3/s);Water travel time in the bypass process (h);Downriver reservoir of pump units;Upriver reservoir of pump units;Water travel time in pumping (h);Comments
1;ITAIPU;27695.19;29403.91;0;0;FALSE;219;220.3;72000;Paraná;Yes;72000;0;0;0;0;0;0;
2;TUCURUI;11293;50275;0;0;FALSE;51.6;74;10000;Tocantins;Yes;5000;0;0;0;0;0;0;
3;BELO MONTE;2015.87;2455.76;0;0;TRUE;97;97;50000;Xingú;Yes;5000;0;0;0;0;0;0;
4;JIRAU;1249.83;2746.7;STO ANTONIO;18;TRUE;82.5;90;50000;Madeira;Yes;50000;0;0;0;0;0;0;
5;STO ANTONIO;2077.3;2282.8;0;0;TRUE;70.5;71.3;50000;Madeira;Yes;50000;0;0;0;0;0;0;
6;I. SOLTEIRA;8232;21060;JUPIA;3;FALSE;314;328;15000;Paraná;Yes;15000;0;0;0;0;0;0;
7;XINGO;3759;3800;0;0;TRUE;138;138;33312;São Francisco;Yes;15000;0;0;0;0;0;0;
8;P.AFONSO 4;98;127.5;XINGO;3;TRUE;251.5;251.5;10000;São Francisco;Yes;10000;0;0;0;0;0;0;
9;ITUMBIARA;4573;17027;CACH.DOURADA;4;FALSE;495;520;6000;Paraná;Yes;6000;0;0;0;0;0;0;
10;TELES PIRES;897.22;897.22;SÃO MANOEL;4;TRUE;220;220;3000;Teles Pires;Yes;3000;0;0;0;0;0;0;
11;SAO SIMAO;7000;12540;I. SOLTEIRA;14;FALSE;390.5;401;8000;Paraná;No;2740;0;0;0;0;0;0;
12;G.B. MUNHOZ;1974;5779;SEGREDO;1;FALSE;700;742;4500;Iguaçu;Yes;1000;0;0;0;0;0;0;
13;JUPIA;3354;3354;P. PRIMAVERA;24;TRUE;280;280;25000;Paraná;Yes;25000;0;0;0;0;0;0;
14;P. PRIMAVERA;15707;16324.84;ITAIPU;48;FALSE;257;257;44144;Paraná;No;44144;0;0;0;0;0;0;
15;MARIMBONDO;890;6150;A. VERMELHA;6;FALSE;426;446.3;7500;Paraná;Yes;2140;0;0;0;0;0;0;
16;ITAPARICA;7234;10782;MOXOTO;3;FALSE;299;304;5000;São Francisco;Yes;5000;0;0;0;0;0;0;
17;ITA;4301.93;5099.78;FOZ DO CHAPECÓ;2;TRUE;370;370;49940;Uruguai;Yes;10000;0;0;0;0;0;0;
18;SLT.SANTIAGO;2662;6775;SALTO OSORIO;1;FALSE;481;506;10000;Iguaçu;Yes;2783;0;0;0;0;0;0;
19;P.AFONSO 123;16.2;26;XINGO;3;TRUE;230.3;230.3;10000;São Francisco;Yes;10000;0;0;0;0;0;0;
20;A. VERMELHA;5856;11025;I. SOLTEIRA;6;FALSE;373.3;383.3;7500;Paraná;No;1984.8;0;0;0;0;0;0;
21;FURNAS;5733;22950;MASCARENHAS DE MORAES;6;FALSE;750;768;3500;Paraná;Yes;1300;0;0;0;0;0;0;
22;SERRA MESA;11150;54400;CANA BRAVA;3;FALSE;417.3;460;5000;Tocantins;Yes;5000;0;0;0;0;0;0;
23;SEGREDO;2562;2950;SLT.SANTIAGO;1;FALSE;602;607;5000;Iguaçu;Yes;1620;0;0;0;0;0;0;
24;SALTO CAXIAS;3300;3573;BAIXO IGUAÇU;1;TRUE;325;325;47500;Iguaçu;Yes;10000;0;0;0;0;0;0;
25;EMBORCACAO;4669;17725;ITUMBIARA;6;FALSE;615;661;2000;Paraná;No;820;0;0;0;0;0;0;
26;MACHADINHO;2283;3340;ITA;2;FALSE;465;480;35700;Uruguai;Yes;3570;0;0;0;0;0;0;
27;LC BARRETO;1245;1423;JAGUARA;2;TRUE;622.5;622.5;3500;Paraná;Yes;5000;0;0;0;0;0;0;
28;ESTREITO TOC;5030.97;5298.54;TUCURUI;61;TRUE;156;156;10000;Tocantins;Yes;10000;0;0;0;0;0;0;
29;SALTO OSORIO;722;1124;SALTO CAXIAS;1;TRUE;397;397;27000;Iguaçu;Yes;5000;0;0;0;0;0;0;
30;SOBRADINHO;5447;34116;ITAPARICA;60;FALSE;380.5;392.5;4000;São Francisco;Yes;2250;0;0;0;0;0;0;
31;LAJEADO;4711.11;5193.48;ESTREITO TOC;68;TRUE;212;212;10000;Tocantins;Yes;5000;0;0;0;0;0;0;
32;CAMPOS NOVOS;1320;1477;MACHADINHO;1;TRUE;655;660;10000;Uruguai;No;5000;0;0;0;0;0;0;
33;TRES IRMAOS;9923;13372;JUPIA;5;FALSE;323;328;5000;Paraná;Yes;950;0;0;0;0;0;0;
34;BARRA GRANDE;2711.79;4904.45;MACHADINHO;1;FALSE;617;647;10000;Uruguai;Yes;2104.8;0;0;0;0;0;0;
35;CACH.DOURADA;300.81;522.68;SAO SIMAO;8;TRUE;434.12;434.12;7000;Paraná;Yes;5000;0;0;0;0;0;0;
36;MOXOTO;970;1150;P.AFONSO 123;0;TRUE;251.5;251.5;7000;São Francisco;No;5000;P.AFONSO 4;70000;0;0;0;0;
37;TRES MARIAS;4250;19528;SOBRADINHO;360;FALSE;549.2;572.5;4700;São Francisco;Yes;870;0;0;0;0;0;0;
38;PIMENTAL;2276.29;2460.03;0;0;TRUE;97;97;62000;Xingú;Yes;10000;BELO MONTE;70000;0;0;0;0;
39;CHAVANTES;5754;8795;OURINHOS;2;FALSE;465.23;474;3450;Paraná;Yes;345;0;0;0;0;0;0;
40;ROSANA;1701.54;1912.26;ITAIPU;48;TRUE;258;258;19880;Paraná;Yes;10000;0;0;0;0;0;0;
41;TAQUARUCU;506.01;676.83;ROSANA;3;TRUE;284;284;18108;Paraná;Yes;18108;0;0;0;0;0;0;
42;CAPIVARA;4816;10540;TAQUARUCU;3;FALSE;321;334;17248;Paraná;Yes;1724.8;0;0;0;0;0;0;
43;FONTES;467;467;PEREIRA PASSOS;0;TRUE;415;415;5000;Paraíba do Sul;No;500;0;0;0;0;0;0;
44;NILO PEÇANHA;38;38;PEREIRA PASSOS;0;TRUE;399;399;5000;Paraíba do Sul;No;500;0;0;0;0;0;0;
45;PEREIRA PASSOS;13;17;0;0;TRUE;86.5;86.5;5000;Paraíba do Sul;Yes;500;0;0;0;0;0;0;
46;FUNIL;283;888;SANTA CECÍLIA;24;TRUE;444;466.5;415;Paraíba do Sul;Yes;41.5;0;0;0;0;0;0;
47;LAJES;0.01;445.35;FONTES;0;TRUE;386.5;415;5000;Paraíba do Sul;No;5000;FONTES BC;7000;0;0;0;0;
48;PARAIBUNA;2096;4732; SANTA BRANCA;8;TRUE;694.6;714;781;Paraíba do Sul;No;781;0;0;0;0;0;0;
49;SANTA BRANCA;131;439;FUNIL;84;TRUE;605;622;600;Paraíba do Sul;No;600;0;0;0;0;0;0;
50;JAGUARI;443;1236;0;0;TRUE;603.2;623;415;Paraíba do Sul;No;415;0;0;0;0;0;0;
51;SANTA CECÍLIA;4;6;ILHA DOS POMBOS;0;TRUE;352.95;352.95;5000;Paraíba do Sul;No;5000;0;0;0;SANTA CECÍLIA;SANTANA;2;
52;SANTANA;4;12;VIGARIO;0;TRUE;363;363;5000;Paraíba do Sul;No;5000;0;0;0;0;0;0;
53;VIGARIO;37;38;NILO PEÇANHA;0;TRUE;399;399;5000;Paraíba do Sul;No;5000;FONTES;70000;0;SANTANA;VIGARIO;0;
54;PICADA;6;7;SOBRAGI;5;TRUE;658.76;659.22;500;Paraíba do Sul;Yes;500;0;0;0;0;0;0;
55;SOBRAGI;0.063;0.087;ILHA DOS POMBOS;0;TRUE;436.5;436.5;5000;Paraíba do Sul;No;5000;0;0;0;0;0;0;
56;SIMPLÍCIO;126.5;126.5;ILHA DOS POMBOS;8;TRUE;251.5;251.5;1000;Paraíba do Sul;Yes;1000;0;0;0;0;0;0;
57;ILHA DOS POMBOS;3;8;0;0;TRUE;135.6;135.6;8580;Paraíba do Sul;No;8580;0;0;0;0;0;0;
58;CORUMBÁ IV;2936.6;3708;CORUMBÁ III;1;TRUE;837;842.6;500;Paraná;Yes;500;0;0;0;0;0;0;
59;CORUMBÁ III;709;972;CORUMBÁ I;16;TRUE;768;772;500;Paraná;Yes;500;0;0;0;0;0;0;
60;CORUMBÁ I;470;1500;ITUMBIARA;6;FALSE;570;595;1000;Paraná;Yes;1000;0;0;0;0;0;0;
61;BATALHA;430.05;1781.61;SERRA DO FACÃO;8;FALSE;785;800;500;Paraná;Yes;500;0;0;0;0;0;0;
62;SERRA DO FACÃO;1752;5199;EMBORCACAO;11;FALSE;732.5;756;2701.4;Paraná;Yes;2701.4;0;0;0;0;0;0;
63;NOVA PONTE;2412;12792;MIRANDA;6;FALSE;775.5;815;2500;Paraná;Yes;2500;0;0;0;0;0;0;
64;MIRANDA;974.4;1120;AMADOR AGUIAR I;5;TRUE;693;696;3000;Paraná;No;3000;0;0;0;0;0;0;
65;AMADOR AGUIAR I;228.27;241.13;AMADOR AGUIAR II;4;TRUE;623.3;624;4000;Paraná;No;4000;0;0;0;0;0;0;
66;AMADOR AGUIAR II;859.63;872.83;ITUMBIARA;4;TRUE;564.99;565;4000;Paraná;Yes;4000;0;0;0;0;0;0;
67;ESPORA;98.65;216.5;I. SOLTEIRA;18;TRUE;576.5;583.5;500;Paraná;Yes;500;0;0;0;0;0;0;
68;SALTO;826.06;1187.4;SALTO DO RIO VERDINHO;0;TRUE;446.5;446.5;1925;Paraná;Yes;1925;0;0;0;0;0;0;
69;SALTO DO RIO VERDINHO;352.5;394.3;I. SOLTEIRA;9;TRUE;370.5;370.5;500;Paraná;Yes;500;0;0;0;0;0;0;
70;CAÇU;197.27;231.77;BARRA DOS COQUEIROS;3;TRUE;475;477;1200;Paraná;Yes;1200;0;0;0;0;0;0;
71;BARRA DOS COQUEIROS;302;349.84;FOZ DO RIO CLARO;8;TRUE;446;448;1300;Paraná;Yes;1300;0;0;0;0;0;0;
72;FOZ DO RIO CLARO;95.33;95.33;I. SOLTEIRA;10;TRUE;354;354;1500;Paraná;Yes;1500;0;0;0;0;0;0;
73;CAMARGOS;120;792;ITUTINGA;0;TRUE;899;913;2242;Paraná;No;2242;0;0;0;0;0;0;
74;ITUTINGA;4.17;11.21;FUNIL - GRANDE;12;TRUE;886;886;2230;Paraná;No;2230;0;0;0;0;0;0;
75;FUNIL - GRANDE;262.12;268.93;FURNAS;23;TRUE;808;808;4000;Paraná;Yes;4000;0;0;0;0;0;0;
76;MASCARENHAS DE MORAES;1540;4040;LC BARRETO;2;FALSE;653.12;666.12;4000;Paraná;Yes;4000;0;0;0;0;0;0;
77;JAGUARA;360;450;IGARAPAVA;5;TRUE;558.5;558.5;4500;Paraná;No;4500;0;0;0;0;0;0;
78;IGARAPAVA;227.23;241.84;VOLTA GRANDE;2;TRUE;512;512;5000;Paraná;Yes;5000;0;0;0;0;0;0;
79;VOLTA GRANDE;1976;2244;PORTO COLÔMBIA;6;TRUE;494.87;494.87;5000;Paraná;No;5000;0;0;0;0;0;0;
80;PORTO COLÔMBIA;1291;1524.5;MARIMBONDO;6;TRUE;467.2;467.2;5000;Paraná;Yes;5000;0;0;0;0;0;0;
81;CACONDE;50.78;554.87;E. DA CUNHA;12;TRUE;825;855;1778;Paraná;Yes;1778;0;0;0;0;0;0;
82;E. DA CUNHA;8.65;13.34;A. S. OLIVEIRA;3;TRUE;665;665;1959;Paraná;Yes;1959;0;0;0;0;0;0;
83;A. S. OLIVEIRA;7.94;24.3;MARIMBONDO;72;TRUE;573;573;2984;Paraná;Yes;2984;0;0;0;0;0;0;
84;SÃO DOMINGOS;112.31;131.3;P. PRIMAVERA;20;TRUE;344;345;931.6;Paraná;Yes;931.6;0;0;0;0;0;0;
85;GUARAPIRANGA;0.77;189.96;TRAIÇÃO;0;TRUE;724.5;736.62;5000;Paraná;No;5000;0;0;0;0;0;0;
86;BILLINGS;0.98;1132.65;PEDREIRA;0;FALSE;728;746.5;10000;Paraná;No;10000;HENRY BORDEN;70000;0;0;0;0;
87;PEDREIRA;0.1;1;TRAIÇÃO;0;TRUE;720.35;722.15;10000;Paraná;Yes;10000;0;0;0;PEDREIRA;BILLINGS;0;
88;TRAIÇÃO;0.1;1;EDGARD DE SOUZA;0;TRUE;715.35;717.15;3500;Paraná;No;3500;0;0;0;TRAIÇÃO;PEDREIRA;0;
90;EDGARD DE SOUZA;0.1;1;BARRA BONITA;0;TRUE;706.15;717.15;4000;Paraná;No;4000;0;0;0;0;0;0;
91;BARRA BONITA;569;3135;BARIRI;12;FALSE;439.5;451.5;3500;Paraná;Yes;3500;0;0;0;0;0;0;
92;BARIRI;482;541.93;IBITINGA;6;TRUE;427.5;427.5;4136;Paraná;Yes;4136;0;0;0;0;0;0;
93;IBITINGA;925;980.77;PROMISSÃO;6;TRUE;404;404;5000;Paraná;Yes;5000;0;0;0;0;0;0;
94;PROMISSÃO;5280;7407.3;N.AVANHANDAVA;6;FALSE;379.7;384;5000;Paraná;Yes;5000;0;0;0;0;0;0;
95;N.AVANHANDAVA;2342;2720;TRES IRMAOS;7;TRUE;358;358;5000;Paraná;Yes;5000;0;0;0;0;0;0;
96;HENRY BORDEN;1;1;0;0;TRUE;728.75;728.75;5000;Paraná;No;5000;0;0;0;0;0;0;
97;JURUMIRIM;3842.9;7007.52;PIRAJU;1;FALSE;559.7;568;2572;Paraná;Yes;2572;0;0;0;0;0;0;
98;PIRAJU;89.87;114.09;CHAVANTES;5;TRUE;531.5;531.5;3505;Paraná;Yes;3505;0;0;0;0;0;0;
99;OURINHOS;18.68;22.34;L. N. GARCEZ;2;TRUE;398;398;3700;Paraná;No;3700;0;0;0;0;0;0;
100;L. N. GARCEZ;15.14;44.5;CANOAS II;2;TRUE;384.67;384.67;5000;Paraná;Yes;5000;0;0;0;0;0;0;
101;CANOAS II;151;151;CANOAS I;1;TRUE;366;366;5644;Paraná;Yes;5644;0;0;0;0;0;0;
102;CANOAS I;212;212;CAPIVARA;5;TRUE;351;351;5736;Paraná;Yes;5736;0;0;0;0;0;0;
103;MAUÁ;1473;2137;CAPIVARA;13;TRUE;626;635;7191.8;Paraná;Yes;7191.8;0;0;0;0;0;0;
104;SANTA CLARA - PR;169;431;FUNDÃO;2;TRUE;787.5;805;3000;Iguaçu;Yes;3000;0;0;0;0;0;0;
105;FUNDÃO;23.4;30.6;JORDÃO;2;TRUE;705.5;705.5;4000;Iguaçu;Yes;4000;0;0;0;0;0;0;
106;JORDÃO;84.9;110;SLT.SANTIAGO;1;TRUE;602;610;5000;Iguaçu;No;5000;SEGREDO;70000;0;0;0;0;
107;BAIXO IGUAÇU;187.2;211.92;0;0;TRUE;258;259;53585;Iguaçu;Yes;53585;0;0;0;0;0;0;
108;MANSO;4386;7337;0;0;FALSE;278;287;2990;Manso;Yes;2990;0;0;0;0;0;0;
109;ITIQUIRA I;4.3;5;ITIQUIRA II;0;TRUE;412;412;1500;Itiquira;No;1500;0;0;0;0;0;0;
110;ITIQUIRA II;0.3;1;0;0;TRUE;320;320;2004.82;Itiquira;Yes;2004.82;0;0;0;0;0;0;
111;PONTE PEDRA;67.5;105.9;0;0;TRUE;396;396;5000;Correntes;No;5000;0;0;0;0;0;0;
112;JAURU;16.17;17.15;0;0;TRUE;354.7;355;5000;Jauru;Yes;5000;0;0;0;0;0;0;
113;PASSO FUNDO;184;1588.61;MONJOLINHO;1;FALSE;584;598;1944;Uruguai;No;1944;0;0;0;0;0;0;
114;MONJOLINHO;139.573;150.553;FOZ DO CHAPECÓ;2;TRUE;328.5;328.5;6755;Uruguai;Yes;6755;0;0;0;0;0;0;
115;GARIBALDI;244.08;296;CAMPOS NOVOS;0;TRUE;702.5;705;10000;Uruguai;Yes;10000;0;0;0;0;0;0;
116;QUEBRA-QUEIXO;111.12;136.63;FOZ DO CHAPECÓ;12;TRUE;544;549;4999.5;Uruguai;Yes;4999.5;0;0;0;0;0;0;
117;SÃO JOSÉ;165.341;187.88;PASSO S. JOÃO;2;TRUE;154.67;154.67;5000;Ijuí;Yes;5000;0;0;0;0;0;0;
118;PASSO S. JOÃO;83.9;102.4;0;0;TRUE;128.35;128.35;11570;Ijuí;Yes;11570;0;0;0;0;0;0;
119;FOZ DO CHAPECÓ;1426.81;1501.8;0;0;TRUE;264;265;62190;Uruguai;No;62190;0;0;0;0;0;0;
120;ERNESTINA;21;258.5;PASSO REAL;1;TRUE;482.5;489.5;1300.7;Jacuí;No;1300.7;0;0;0;0;0;0;
121;PASSO REAL;1001;3357;JACUÍ;1;FALSE;300;327;4674;Jacuí;No;4674;0;0;0;0;0;0;
122;JACUÍ;4.3;28.7;ITAÚBA;1;FALSE;279.89;279.89;5032;Jacuí;Yes;5032;0;0;0;0;0;0;
123;ITAÚBA;462.2;620.3;DONA FRANCISCA;1;FALSE;184;184;7236;Jacuí;Yes;7236;0;0;0;0;0;0;
124;DONA FRANCISCA;261.7;324.5;0;0;FALSE;94.5;94.5;10614;Jacuí;Yes;10614;0;0;0;0;0;0;
125;CASTRO ALVES;87.16;91.766;MONTE CLARO;1;TRUE;239;240;5000;Taquari-Antas;No;5000;0;0;0;0;0;0;
126;MONTE CLARO;9.89;11.35;14 DE JULHO;1;TRUE;147;148;14000;Taquari-Antas;No;14000;0;0;0;0;0;0;
127;14 DE JULHO;50.47;55.18;0;0;TRUE;103;104;17956;Taquari-Antas;No;17956;0;0;0;0;0;0;
128;SALTO PILÃO;0.1189;0.1884;0;0;TRUE;318;319;7612;Itajaí;Yes;7612;0;0;0;0;0;0;
129;CAPIVARI-CACHOEIRA;23;179;0;0;TRUE;822;845;1014;Capivari;No;1014;0;0;0;0;0;0;
130;ROSAL;10;17;0;0;TRUE;555;555;1000;Itabapoana;No;1000;0;0;0;0;0;0;
131;GUILMAN-AMORIM;0.4547;2.7281;SÁ CARVALHO;4;TRUE;495;495;1500;Piracicaba;No;1500;0;0;0;0;0;0;
132;SÁ CARVALHO;1.73;1.8;BAGUARI;36;TRUE;369.5;369.5;1840;Piracicaba;Yes;1840;0;0;0;0;0;0;
133;CANDONGA;19.4;54.44;BAGUARI;48;TRUE;327.5;327.5;3000;Piracicaba;Yes;3000;0;0;0;0;0;0;
134;BAGUARI;31.42;38.07;AIMORÉS;12;TRUE;184.5;185;8000;Piracicaba;Yes;8000;0;0;0;0;0;0;
135;AIMORÉS;173.38;184.65;MASCARENHAS;1;TRUE;89;90;12000;Piracicaba;No;12000;0;0;0;0;0;0;
136;MASCARENHAS;17.812;24.43;0;0;TRUE;60.7;60.7;14500;Piracicaba;Yes;14500;0;0;0;0;0;0;
137;SALTO GRANDE;78;78;PORTO ESTRELA;2;TRUE;356;356;1500;Piracicaba;No;1500;0;0;0;0;0;0;
138;PORTO ESTRELA;55.92;89.04;BAGUARI;24;TRUE;246;255;4000;Piracicaba;Yes;4000;0;0;0;0;0;0;
139;SANTA CLARA - MG;146;146;0;0;TRUE;86;86;15000;Mucuri;No;15000;0;0;0;0;0;0;
140;IRAPÉ;2271.15;5963.92;ITAPEBI;120;FALSE;470.8;510;7503;Jequitinhonha;Yes;7503;0;0;0;0;0;0;
141;ITAPEBI;1445.27;1633.56;0;0;TRUE;110;110;20915;Jequitinhonha;Yes;20915;0;0;0;0;0;0;
142;PEDRA DO CAVALO;106;114.5;0;0;TRUE;106;114.5;12000;Paraguaçu;Yes;12000;0;0;0;0;0;0;
143;RETIRO BAIXO;200.72;241.59;TRES MARIAS;12;TRUE;614;616;3486;São Francisco;Yes;3486;0;0;0;0;0;0;
144;QUEIMADO;95.25;557;SOBRADINHO;360;TRUE;811;829;1959;São Francisco;No;1959;0;0;0;0;0;0;
145;BOA ESPERANÇA;3173;5085;0;0;FALSE;155.13;161.13;10086;Parnaíba;Yes;10086;0;0;0;0;0;0;
146;CANA BRAVA;1906.13;2300;SÃO SALVADOR;3;TRUE;330;333;2000;Tocantins;No;2000;0;0;0;0;0;0;
147;SÃO SALVADOR;892.88;952.01;PEIXE ANGICAL;3;TRUE;287;287;4000;Tocantins;Yes;4000;0;0;0;0;0;0;
148;PEIXE ANGICAL;2223.73;2750.55;LAJEADO;40;TRUE;261;263;5000;Tocantins;Yes;5000;0;0;0;0;0;0;
149;DARDANELOS;0.12;0.12;0;0;TRUE;213.5;213.5;5000;Comemoração;Yes;5000;0;0;0;0;0;0;
150;RONDON II;192.17;478.29;0;0;TRUE;264;268;10000;Aripuanã;No;10000;0;0;0;0;0;0;
151;GUAPORÉ;20.58;22.63;0;0;TRUE;479.2;479.2;10000;Guaporé;Yes;10000;0;0;0;0;0;0;
152;SAMUEL;943.23;3493.44;0;0;FALSE;80;87.4;10000;Jamari;Yes;10000;0;0;0;0;0;0;
153;BALBINA;9711.9;20006.22;0;0;FALSE;46;51;5800;Uatumã;Yes;5800;0;0;0;0;0;0;
154;SANTO ANTÔNIO JARI;104.61;133.39;0;0;TRUE;29.1;30;9593;Jari;Yes;9593;0;0;0;0;0;0;
155;SINOP;1012.4;3071.2;COLÍDER;6;FALSE;292;302;3000;Teles Pires;Yes;3000;0;0;0;0;0;0;
156;COLÍDER;1427.48;1525;TELES PIRES;108;TRUE;272;272;4000;Teles Pires;Yes;4000;0;0;0;0;0;0;
157;SÃO MANOEL;490.27;570.08;0;0;TRUE;161;161;5000;Teles Pires;Yes;5000;0;0;0;0;0;0;
158;CURUÁ-UNA;130.6;602;0;0;TRUE;25.22;32.22;5000;Coruá-Una;Yes;5000;0;0;0;0;0;0;
159;CACHOEIRA CALDEIRÃO;230.56;230.56;COARACY NUNES;2;TRUE;58.3;58.3;5000;Araguari;Yes;5000;0;0;0;0;0;0;
160;COARACY NUNES;24.57;138.8;FERREIRA GOMES;2;TRUE;35.14;42.14;7000;Araguari;No;7000;0;0;0;0;0;0;
161;FERREIRA GOMES;120.4;137.31;0;0;TRUE;21.3;21.3;7551;Araguari;No;7551;0;0;0;0;0;0;
162;FONTES BC;36;38;PEREIRA PASSOS;0;TRUE;399;399;5000;Paraíba do Sul;No;5000;0;0;0;0;0;0;
</Hydro plants>;;;;;;;;;;;;;;;;;;;
<Thermal plants>;;;;;;;;;;;;;;;;;;;
ID;Name;Minimum power output (MW);Maximum power output (MW);Unitary linear cost ($/MW);Ramp-up limit (MW/h);Ramp-down limit (MW/h);Minimum up-time (h);Minimum down-time (h);Bus id;Constant cost ($);Start-up cost ($);Shut-down cost ($);Comments;;;;;;
0;PAMPA SUL;140;345;180;60;60;24;24;998;0;0;0;Aggregation bus manually chosen;;;;;;
1;CANDIOTA 3;175;350;82.08;210;210;168;168;1173;0;0;0;;;;;;;
2;P. PECEM-unit1;240;360;160.22;60;60;168;48;5658;0;0;0;;;;;;;
3;P. PECEM-unit2;240;360;160.22;60;60;168;48;5658;0;0;0;;;;;;;
4;P.ITAQUI;240;360.1;165.13;80;80;168;48;5609;0;0;0;;;;;;;
5;PECEM 2;240;365;170.5;84;84;168;48;5659;0;0;0;;;;;;;
6;J.LACERDA-C-unit7;180;363;193.62;150;150;168;80;913;0;0;0;;;;;;;
7;J.LACERDA-B-unit5;80;131;228.12;120;120;168;80;911;0;0;0;;;;;;;
8;J.LACERDA-B-unit6;80;131;228.12;120;120;168;80;911;0;0;0;;;;;;;
9;J.LACERDA-A1-unit1;35;50;254.97;60;60;168;80;907;0;0;0;;;;;;;
10;J.LACERDA-A1-unit2;35;50;254.97;60;60;168;80;907;0;0;0;;;;;;;
11;J.LACERDA-A2-unit3;33;66;254.97;60;60;168;80;909;0;0;0;;;;;;;
12;J.LACERDA-A2-unit4;33;66;254.97;60;60;168;80;909;0;0;0;;;;;;;
13;ARAUCARIA-unit1;117;161.5;350;180;180;72;43;803;0;0;0;;;;;;;
14;ARAUCARIA-unit2;117;161.5;350;180;180;72;43;802;0;0;0;;;;;;;
15;ARAUCARIA-unit3;117;161.5;350;180;180;72;43;802;0;0;0;;;;;;;
16;CUBATAO-unit1;90;161;300;60;60;72;48;9100;0;0;0;;;;;;;
17;CUBATAO-unit2;35;48;300;60;60;72;48;9101;0;0;0;;;;;;;
18;SEROPEDICA-unit1;35;45;100;106;106;4;6;3974;0;0;0;;;;;;;
19;SEROPEDICA-unit2;35;45;100;106;106;4;6;3974;0;0;0;;;;;;;
20;SEROPEDICA-unit3;35;45;100;106;106;4;6;3974;0;0;0;;;;;;;
21;SEROPEDICA-unit4;35;45;100;106;106;4;6;3974;0;0;0;;;;;;;
22;SEROPEDICA-unit5;35;45;100;106;106;4;6;3974;0;0;0;;;;;;;
23;SEROPEDICA-unit6;35;45;100;106;106;4;6;3974;0;0;0;;;;;;;
24;SEROPEDICA-unit7;35;45;100;106;106;4;6;3974;0;0;0;;;;;;;
25;SEROPEDICA-unit8;35;45;100;106;106;4;6;3974;0;0;0;;;;;;;
26;JARAQUI-unit6;15;39.4;400;35;35;4;6;8612;0;0;0;;;;;;;
27;JARAQUI-unit7;15;36.1;400;35;35;4;6;8616;0;0;0;;;;;;;
28;MANAUARA-unit1;10;16.7;500;34;34;4;12;8609;0;0;0;;;;;;;
29;MANAUARA-unit2;10;16.7;500;34;34;4;12;8609;0;0;0;;;;;;;
30;MANAUARA-unit3;10;16.7;500;34;34;4;12;8609;0;0;0;;;;;;;
31;MANAUARA-unit4;10;16.7;500;34;34;4;12;8609;0;0;0;;;;;;;
32;MANAUARA-unit5;10;16.7;500;34;34;4;12;8609;0;0;0;;;;;;;
33;N.FLU_DESSEM-unit1;130;177.7;330;60;60;16;4;3962;0;0;0;;;;;;;
34;N.FLU_DESSEM-unit2;130;178.2;330;60;60;16;4;3962;0;0;0;;;;;;;
35;N.FLU_DESSEM-unit3;130;179.8;330;60;60;16;4;3962;0;0;0;;;;;;;
36;N.FLU_DESSEM-unit4;130;291;330;60;60;16;4;3963;0;0;0;;;;;;;
37;P. NEGRA-unit1;8;16.5;325;34;34;4;12;8610;0;0;0;;;;;;;
38;P. NEGRA-unit2;8;16.5;325;34;34;4;12;8610;0;0;0;;;;;;;
39;P. NEGRA-unit3;8;16.5;325;34;34;4;12;8610;0;0;0;;;;;;;
40;P. NEGRA-unit4;8;16.5;325;34;34;4;12;8610;0;0;0;;;;;;;
41;TERMORIO-unit1;65;105;147;60;60;72;48;4203;0;0;0;;;;;;;
42;TERMORIO-unit2;65;105;147;60;60;72;48;4203;0;0;0;;;;;;;
43;TERMORIO-unit3;65;105;147;60;60;72;48;4204;0;0;0;;;;;;;
44;TERMORIO-unit4;65;105;147;60;60;72;48;4205;0;0;0;;;;;;;
45;TERMORIO-unit5;65;105;147;60;60;72;48;4206;0;0;0;;;;;;;
46;TERMORIO-unit6;65;105;147;60;60;72;48;4206;0;0;0;;;;;;;
47;TERMORIO-unit7;80;110;147;60;60;72;48;4207;0;0;0;;;;;;;
48;TERMORIO-unit8;80;110;147;60;60;72;48;4208;0;0;0;;;;;;;
49;T.LAGOAS-unit1;45;63;224.4;20;20;3;3;4300;0;0;0;;;;;;;
50;T.LAGOAS-unit2;45;63;224.4;20;20;3;3;4300;0;0;0;;;;;;;
51;T.LAGOAS-unit3;45;63;224.4;20;20;3;3;4300;0;0;0;;;;;;;
52;T.LAGOAS-unit4;45;63;224.4;20;20;3;3;4301;0;0;0;;;;;;;
53;T.LAGOAS-unit5;45;61;224.4;20;20;3;3;4301;0;0;0;;;;;;;
54;T.LAGOAS-unit6;45;61;224.4;20;20;3;3;4301;0;0;0;;;;;;;
55;MARANHAO 3-unit1;130;155;80.44;30;30;120;48;5646;0;0;0;;;;;;;
56;MARANHAO 3-unit2;130;155;80.44;30;30;120;48;5646;0;0;0;;;;;;;
57;MARANHAO 3-unit3;130;208;80.44;30;30;120;48;5815;0;0;0;;;;;;;
58;TERMOPERNAMB-unit1;97;164.7;118.5;67;67;31;8;5151;0;0;0;;;;;;;
59;TERMOPERNAMB-unit2;150;160.5;118.5;67;67;31;8;5151;0;0;0;;;;;;;
60;TERMOPERNAMB-unit3;199;207.8;118.5;67;67;31;8;5154;0;0;0;;;;;;;
61;B FLUMINENSE-unit1;106;150;121.45;50;50;72;48;9627;0;0;0;;;;;;;
62;B FLUMINENSE-unit2;106;150;121.45;50;50;72;48;9627;0;0;0;;;;;;;
63;B FLUMINENSE-unit3;106;230;121.45;50;50;72;48;9628;0;0;0;;;;;;;
64;MARANHAO 4-unit1;100;168.872;127.77;240;240;120;48;5647;0;0;0;;;;;;;
65;MARANHAO 4-unit2;100;168.872;127.77;240;240;120;48;5647;0;0;0;;;;;;;
66;MARANHAO 5-unit1;100;168.872;127.77;240;240;120;48;5648;0;0;0;;;;;;;
67;MARANHAO 5-unit2;100;168.872;127.77;240;240;120;48;5648;0;0;0;;;;;;;
68;FORTALEZA-unit1;40;108;164.36;96;96;96;3;5654;0;0;0;;;;;;;
69;FORTALEZA-unit2;40;108;164.36;96;96;96;3;5654;0;0;0;;;;;;;
70;FORTALEZA-unit3;69;110;164.36;96;96;96;3;5655;0;0;0;;;;;;;
71;LINHARES-unit1;25;51;205.18;35;35;192;12;9026;0;0;0;;;;;;;
72;LINHARES-unit2;25;51;205.18;35;35;192;12;9026;0;0;0;;;;;;;
73;LINHARES-unit3;25;51;205.18;35;35;192;12;9026;0;0;0;;;;;;;
74;LINHARES-unit4;25;51;205.18;35;35;192;12;9026;0;0;0;;;;;;;
75;N VENECIA;110;178;217.98;68;68;120;48;5650;0;0;0;;;;;;;
76;J.DEFORA-unit1;35;43.9;283.74;17;17;4;6;4100;0;0;0;;;;;;;
77;J.DEFORA-unit2;35;43.1;283.74;17;17;4;6;4180;0;0;0;;;;;;;
78;RALMEIDA(L)-unit1;20;26;345.02;25;25;72;360;5757;0;0;0;;;;;;;
79;RALMEIDA(L)-unit2;20;26;345.02;25;25;72;360;5757;0;0;0;;;;;;;
80;RALMEIDA(L)-unit3;20;26;345.02;25;25;72;360;5757;0;0;0;;;;;;;
81;RALMEIDA(L)-unit4;20;45;345.02;25;25;72;360;5757;0;0;0;;;;;;;
82;IBIRITE-gas;90;150;346.37;76;76;72;48;1585;0;0;0;;;;;;;
83;IBIRITE-steam;50;72;346.37;76;76;72;48;1585;0;0;0;;;;;;;
84;TERMOCEARA(L)-unit1;30;55.8;365.92;173.4;173.4;4;6;5660;0;0;0;;;;;;;
85;TERMOCEARA(L)-unit2;30;57.1;365.92;173.4;173.4;4;6;5660;0;0;0;;;;;;;
86;TERMOCEARA(L)-unit3;30;56.2;365.92;173.4;173.4;4;6;5660;0;0;0;;;;;;;
87;TERMOCEARA(L)-unit4;30;53.9;365.92;173.4;173.4;4;6;5660;0;0;0;;;;;;;
88;TERMOBAHIA;100;185.9;374.87;60;60;4;6;5827;0;0;0;;;;;;;
89;VALE DO ACU-unit1;110;184;266.23;50;50;12;12;5466;0;0;0;Aggregation bus manually chosen;;;;;;
90;VALE DO ACU-unit2;110;184;266.23;50;50;12;12;5466;0;0;0;Aggregation bus manually chosen;;;;;;
91;URUGUAIANA-unit1;5;187.7;486.2;150;150;240;0;1164;0;0;0;;;;;;;
92;URUGUAIANA-unit2;5;187.7;486.2;150;150;240;0;1164;0;0;0;;;;;;;
93;URUGUAIANA-unit3;5;264.6;486.2;150;150;240;0;1165;0;0;0;;;;;;;
94;M.COVAS-unit1;100;167.4;511.77;120;120;48;12;4596;0;0;0;;;;;;;
95;M.COVAS-unit2;100;167.4;511.77;120;120;48;12;4596;0;0;0;;;;;;;
96;M.COVAS-unit3;100;194.4;511.77;120;120;48;12;4597;0;0;0;;;;;;;
97;NPIRATININGA-unit1;60;95;548.04;360;360;24;48;405;0;0;0;;;;;;;
98;NPIRATININGA-unit2;60;95;548.04;360;360;24;48;405;0;0;0;;;;;;;
99;NPIRATININGA-unit3;60;95;548.04;360;360;24;48;406;0;0;0;;;;;;;
100;NPIRATININGA-unit4;60;95;548.04;360;360;24;48;406;0;0;0;;;;;;;
101;NPIRATININGA-unit5;60;90;548.04;360;360;24;48;404;0;0;0;;;;;;;
102;NPIRATININGA-unit6;60;90;548.04;360;360;24;48;404;0;0;0;;;;;;;
103;TERMOMACAE-unit1;35;45;589.23;10;10;4;6;3977;0;0;0;;;;;;;
104;TERMOMACAE-unit2;35;45;589.23;10;10;4;6;3977;0;0;0;;;;;;;
105;TERMOMACAE-unit3;35;45;589.23;10;10;4;6;3977;0;0;0;;;;;;;
106;TERMOMACAE-unit4;35;45;589.23;10;10;4;6;3977;0;0;0;;;;;;;
107;TERMOMACAE-unit5;35;45;589.23;10;10;4;6;3977;0;0;0;;;;;;;
108;TERMOMACAE-unit6;35;45;589.23;10;10;4;6;3977;0;0;0;;;;;;;
109;TERMOMACAE-unit7;35;45;589.23;10;10;4;6;3977;0;0;0;;;;;;;
110;TERMOMACAE-unit8;35;45;589.23;10;10;4;6;3977;0;0;0;;;;;;;
111;TERMOMACAE-unit9;35;45;589.23;10;10;4;6;3977;0;0;0;;;;;;;
112;TERMOMACAE-unit10;35;45;589.23;10;10;4;6;3977;0;0;0;;;;;;;
113;TERMOMACAE-unit11;35;45;589.23;10;10;4;6;3977;0;0;0;;;;;;;
114;TERMOMACAE-unit12;35;45;589.23;10;10;4;6;3977;0;0;0;;;;;;;
115;TERMOMACAE-unit13;35;45;589.23;10;10;4;6;3977;0;0;0;;;;;;;
116;TERMOMACAE-unit14;35;45;589.23;10;10;4;6;3977;0;0;0;;;;;;;
117;TERMOMACAE-unit15;35;45;589.23;10;10;4;6;3977;0;0;0;;;;;;;
118;TERMOMACAE-unit16;35;45;589.23;10;10;4;6;3977;0;0;0;;;;;;;
119;TERMOMACAE-unit17;35;45;589.23;10;10;4;6;3977;0;0;0;;;;;;;
120;TERMOMACAE-unit18;35;45;589.23;10;10;4;6;3977;0;0;0;;;;;;;
121;TERMOMACAE-unit19;35;45;589.23;10;10;4;6;3977;0;0;0;;;;;;;
122;TERMOMACAE-unit20;35;45;589.23;10;10;4;6;3977;0;0;0;;;;;;;
123;S.TIARAJU(L)-gas;90;160;698.14;20;20;6;6;1152;0;0;0;;;;;;;
124;S.TIARAJU(L)-steam;60;84;698.14;20;20;6;6;1169;0;0;0;;;;;;;
125;TNORTE 2-unit1;60;73.8;910.86;360;360;12;12;6912;0;0;0;;;;;;;
126;TNORTE 2-unit2;60;73.8;910.86;360;360;12;12;6912;0;0;0;;;;;;;
127;TNORTE 2-unit3;60;73.8;910.86;360;360;12;12;6913;0;0;0;;;;;;;
128;TNORTE 2-unit4;60;118.6;910.86;360;360;12;12;6913;0;0;0;;;;;;;
129;APAREC B1-unit1;25;43;71.31;220;220;8;8;8646;0;0;0;;;;;;;
130;APAREC B1-unit2;25;43;71.31;220;220;8;8;8646;0;0;0;;;;;;;
131;APAREC B1-unit3;25;40;71.31;220;220;8;8;8646;0;0;0;;;;;;;
132;APAREC B1-unit4;25;40;71.31;220;220;8;8;8646;0;0;0;;;;;;;
133;SUZANO MA;160;255;800;255;255;0;0;136;0;0;0;Aggregation bus manually chosen;;;;;;
134;ANGRA 2;1080;1350;20.12;18;18;168;168;11;0;0;0;;;;;;;
135;ANGRA 1;520;640;31.17;18;18;168;168;10;0;0;0;;;;;;;
136;CRIST.ROCHA-unit1;4;17.1;700;66;66;3;0;8611;0;0;0;;;;;;;
137;CRIST.ROCHA-unit2;4;17.1;700;66;66;3;0;8611;0;0;0;;;;;;;
138;CRIST.ROCHA-unit3;4;17.1;700;66;66;3;0;8611;0;0;0;;;;;;;
139;CRIST.ROCHA-unit4;4;17.1;700;66;66;3;0;8611;0;0;0;;;;;;;
140;CRIST.ROCHA-unit5;4;17.1;700;66;66;3;0;8611;0;0;0;;;;;;;
141;TAMBAQUI-unit1;10;17.6;500;43;43;5;0;8615;0;0;0;;;;;;;
142;TAMBAQUI-unit2;25;39.4;500;43;43;5;0;8617;0;0;0;;;;;;;
143;TAMBAQUI-unit3;25;36.1;500;43;43;5;0;8617;0;0;0;;;;;;;
144;MARACANAU-unit1;17;21;632.39;72;72;1;3;5460;0;0;0;;;;;;;
145;MARACANAU-unit2;17;21;632.39;72;72;1;3;5460;0;0;0;;;;;;;
146;MARACANAU-unit3;17;21;632.39;72;72;1;3;5460;0;0;0;;;;;;;
147;MARACANAU-unit4;17;21;632.39;72;72;1;3;5460;0;0;0;;;;;;;
148;MARACANAU-unit5;17;21;632.39;72;72;1;3;5460;0;0;0;;;;;;;
149;MARACANAU-unit6;17;21;632.39;72;72;1;3;5460;0;0;0;;;;;;;
150;MARACANAU-unit7;17;21;632.39;72;72;1;3;5460;0;0;0;;;;;;;
151;MARACANAU-unit8;17;21;632.39;72;72;1;3;5460;0;0;0;;;;;;;
152;T.NORDESTE-unit1;41;52.6;650.77;40.2;40.2;10;3;5219;0;0;0;;;;;;;
153;T.NORDESTE-unit2;41;61.3;650.77;40.2;40.2;10;3;5219;0;0;0;;;;;;;
154;T.NORDESTE-unit3;41;56.9;650.77;40.2;40.2;10;3;5219;0;0;0;;;;;;;
155;T.PARAIBA-unit1;41;52.6;650;40.2;40.2;10;3;5218;0;0;0;;;;;;;
156;T.PARAIBA-unit2;41;61.3;650;40.2;40.2;10;3;5218;0;0;0;;;;;;;
157;T.PARAIBA-unit3;41;56.9;650;40.2;40.2;10;3;5218;0;0;0;;;;;;;
158;GERAMAR I-unit1;6.98;8.73;655;166;166;10;8;5557;0;0;0;;;;;;;
159;GERAMAR I-unit2;6.98;8.73;655;166;166;10;8;5557;0;0;0;;;;;;;
160;GERAMAR I-unit3;6.98;8.73;655;166;166;10;8;5557;0;0;0;;;;;;;
161;GERAMAR I-unit4;6.98;8.73;655;166;166;10;8;5557;0;0;0;;;;;;;
162;GERAMAR I-unit5;6.98;8.73;655;166;166;10;8;5557;0;0;0;;;;;;;
163;GERAMAR I-unit6;6.98;8.73;655;166;166;10;8;5557;0;0;0;;;;;;;
164;GERAMAR I-unit7;6.98;8.73;655;166;166;10;8;5557;0;0;0;;;;;;;
165;GERAMAR I-unit8;6.98;8.73;655;166;166;10;8;5557;0;0;0;;;;;;;
166;GERAMAR I-unit9;6.98;8.73;655;166;166;10;8;5557;0;0;0;;;;;;;
167;GERAMAR I-unit10;6.98;8.73;655;166;166;10;8;5557;0;0;0;;;;;;;
168;GERAMAR I-unit11;6.98;8.73;655;166;166;10;8;5557;0;0;0;;;;;;;
169;GERAMAR I-unit12;6.98;8.73;655;166;166;10;8;5557;0;0;0;;;;;;;
170;GERAMAR I-unit13;6.98;8.73;655;166;166;10;8;5557;0;0;0;;;;;;;
171;GERAMAR I-unit14;6.98;8.73;655;166;166;10;8;5557;0;0;0;;;;;;;
172;GERAMAR I-unit15;6.98;8.73;655;166;166;10;8;5557;0;0;0;;;;;;;
173;GERAMAR I-unit16;6.98;8.73;655;166;166;10;8;5557;0;0;0;;;;;;;
174;GERAMAR I-unit17;6.98;8.73;655;166;166;10;8;5557;0;0;0;;;;;;;
175;GERAMAR I-unit18;6.98;8.73;655;166;166;10;8;5557;0;0;0;;;;;;;
176;GERAMAR I-unit19;6.98;8.73;655;166;166;10;8;5557;0;0;0;;;;;;;
177;GERAMAR II-unit1;6.98;8.73;655;166;166;10;8;6447;0;0;0;;;;;;;
178;GERAMAR II-unit2;6.98;8.73;655;166;166;10;8;6447;0;0;0;;;;;;;
179;GERAMAR II-unit3;6.98;8.73;655;166;166;10;8;6447;0;0;0;;;;;;;
180;GERAMAR II-unit4;6.98;8.73;655;166;166;10;8;6447;0;0;0;;;;;;;
181;GERAMAR II-unit5;6.98;8.73;655;166;166;10;8;6447;0;0;0;;;;;;;
182;GERAMAR II-unit6;6.98;8.73;655;166;166;10;8;6447;0;0;0;;;;;;;
183;GERAMAR II-unit7;6.98;8.73;655;166;166;10;8;6447;0;0;0;;;;;;;
184;GERAMAR II-unit8;6.98;8.73;655;166;166;10;8;6447;0;0;0;;;;;;;
185;GERAMAR II-unit9;6.98;8.73;655;166;166;10;8;6447;0;0;0;;;;;;;
186;GERAMAR II-unit10;6.98;8.73;655;166;166;10;8;6447;0;0;0;;;;;;;
187;GERAMAR II-unit11;6.98;8.73;655;166;166;10;8;6447;0;0;0;;;;;;;
188;GERAMAR II-unit12;6.98;8.73;655;166;166;10;8;6447;0;0;0;;;;;;;
189;GERAMAR II-unit13;6.98;8.73;655;166;166;10;8;6447;0;0;0;;;;;;;
190;GERAMAR II-unit14;6.98;8.73;655;166;166;10;8;6447;0;0;0;;;;;;;
191;GERAMAR II-unit15;6.98;8.73;655;166;166;10;8;6447;0;0;0;;;;;;;
192;GERAMAR II-unit16;6.98;8.73;655;166;166;10;8;6447;0;0;0;;;;;;;
193;GERAMAR II-unit17;6.98;8.73;655;166;166;10;8;6447;0;0;0;;;;;;;
194;GERAMAR II-unit18;6.98;8.73;655;166;166;10;8;6447;0;0;0;;;;;;;
195;GERAMAR II-unit19;6.98;8.73;655;166;166;10;8;6447;0;0;0;;;;;;;
196;UTE VIANA-unit1;30;43.6;660;10;10;8;5;8910;0;0;0;;;;;;;
197;UTE VIANA-unit2;30;43.6;660;10;10;8;5;8910;0;0;0;;;;;;;
198;UTE VIANA-unit3;30;43.6;660;10;10;8;5;8911;0;0;0;;;;;;;
199;UTE VIANA-unit4;30;43.6;660;10;10;8;5;8911;0;0;0;;;;;;;
200;CAMPINA GRAN-unit1;31;42.3;640;93.6;93.6;2;3;5220;0;0;0;;;;;;;
201;CAMPINA GRAN-unit2;31;42.3;640;93.6;93.6;2;3;5220;0;0;0;;;;;;;
202;CAMPINA GRAN-unit3;31;42.3;640;93.6;93.6;2;3;5220;0;0;0;;;;;;;
203;CAMPINA GRAN-unit4;31;42.3;640;93.6;93.6;2;3;5220;0;0;0;;;;;;;
204;SUAPE 2-unit1;20;22.4;659.91;72;72;4;4;6021;0;0;0;;;;;;;
205;SUAPE 2-unit2;20;22.4;659.91;72;72;4;4;6021;0;0;0;;;;;;;
206;SUAPE 2-unit3;20;22.4;659.91;72;72;4;4;6021;0;0;0;;;;;;;
207;SUAPE 2-unit4;20;22.4;659.91;72;72;4;4;6022;0;0;0;;;;;;;
208;SUAPE 2-unit5;20;22.4;659.91;72;72;4;4;6022;0;0;0;;;;;;;
209;SUAPE 2-unit6;20;22.4;659.91;72;72;4;4;6022;0;0;0;;;;;;;
210;SUAPE 2-unit7;20;22.4;659.91;72;72;4;4;6023;0;0;0;;;;;;;
211;SUAPE 2-unit8;20;22.4;659.91;72;72;4;4;6023;0;0;0;;;;;;;
212;SUAPE 2-unit9;20;22.4;659.91;72;72;4;4;6023;0;0;0;;;;;;;
213;SUAPE 2-unit10;20;22.4;659.91;72;72;4;4;6024;0;0;0;;;;;;;
214;SUAPE 2-unit11;20;22.4;659.91;72;72;4;4;6024;0;0;0;;;;;;;
215;SUAPE 2-unit12;20;22.4;659.91;72;72;4;4;6024;0;0;0;;;;;;;
216;SUAPE 2-unit13;20;22.4;659.91;72;72;4;4;6025;0;0;0;;;;;;;
217;SUAPE 2-unit14;20;22.4;659.91;72;72;4;4;6025;0;0;0;;;;;;;
218;SUAPE 2-unit15;20;22.4;659.91;72;72;4;4;6025;0;0;0;;;;;;;
219;SUAPE 2-unit16;20;22.4;659.91;72;72;4;4;6026;0;0;0;;;;;;;
220;SUAPE 2-unit17;20;22.4;659.91;72;72;4;4;6026;0;0;0;;;;;;;
221;GLOBAL I-unit1;25;34.7;741.67;60;60;4;6;5820;0;0;0;;;;;;;
222;GLOBAL I-unit2;25;34.7;741.67;60;60;4;6;5820;0;0;0;;;;;;;
223;GLOBAL I-unit3;25;34.7;741.67;60;60;4;6;5820;0;0;0;;;;;;;
224;GLOBAL I-unit4;25;44.6;741.67;60;60;4;6;5820;0;0;0;;;;;;;
225;GLOBAL II-unit1;30;34.7;741.67;60;60;4;6;5823;0;0;0;;;;;;;
226;GLOBAL II-unit2;30;34.7;741.67;60;60;4;6;5823;0;0;0;;;;;;;
227;GLOBAL II-unit3;30;34.7;741.67;60;60;4;6;5823;0;0;0;;;;;;;
228;GLOBAL II-unit4;30;44.6;741.67;60;60;4;6;5823;0;0;0;;;;;;;
229;IGARAPE;32;131;939.55;60;60;168;168;1500;0;0;0;;;;;;;
230;CAMACARI MI-unit1;25;40;1113.15;187.5;187.5;4;6;5762;0;0;0;;;;;;;
231;CAMACARI MI-unit2;25;30;1113.15;187.5;187.5;4;6;5762;0;0;0;;;;;;;
232;CAMACARI MI-unit3;25;40;1113.15;187.5;187.5;4;6;5762;0;0;0;;;;;;;
233;CAMACARI MI-unit4;25;40;1113.15;187.5;187.5;4;6;5762;0;0;0;;;;;;;
234;MAUA 3-unit1;100;189.6;71.31;120;120;8;8;8535;0;0;0;;;;;;;
235;MAUA 3-unit2;100;189.6;71.31;120;120;8;8;8535;0;0;0;;;;;;;
236;MAUA 3-unit3;160;211.7;71.31;120;120;8;8;8538;0;0;0;;;;;;;
237;PERNAMBUCO3-unit1;6;52.4;557.94;72.6;72.6;1;8;5178;0;0;0;;;;;;;
238;PERNAMBUCO3-unit2;6;52.4;557.94;72.6;72.6;1;8;5178;0;0;0;;;;;;;
239;PERNAMBUCO3-unit3;6;52.4;557.94;72.6;72.6;1;8;5178;0;0;0;;;;;;;
240;PERNAMBUCO3-unit4;6;43.6;557.94;72.6;72.6;1;8;5178;0;0;0;;;;;;;
241;PALMEIRAS-unit1;50;88.2;1064.29;75;75;5;3;3740;0;0;0;;;;;;;
242;PALMEIRAS-unit2;50;87.3;1064.29;75;75;5;3;3740;0;0;0;;;;;;;
243;GOIANIA 2-unit1;55;70;1216.54;30;30;5;3;3017;0;0;0;;;;;;;
244;GOIANIA 2-unit2;55;70;1216.54;30;30;5;3;3017;0;0;0;;;;;;;
245;PETROLINA(L)-unit1;15;17;1221.29;54;54;6;3;6314;0;0;0;;;;;;;
246;PETROLINA(L)-unit2;15;17;1221.29;54;54;6;3;6314;0;0;0;;;;;;;
247;PETROLINA(L)-unit3;15;17;1221.29;54;54;6;3;6314;0;0;0;;;;;;;
248;PETROLINA(L)-unit4;15;17;1221.29;54;54;6;3;6314;0;0;0;;;;;;;
249;PETROLINA(L)-unit5;15;17;1221.29;54;54;6;3;6314;0;0;0;;;;;;;
250;PETROLINA(L)-unit6;15;17;1221.29;54;54;6;3;6314;0;0;0;;;;;;;
251;PETROLINA(L)-unit7;15;17;1221.29;54;54;6;3;6314;0;0;0;;;;;;;
252;PETROLINA(L)-unit8;15;17;1221.29;54;54;6;3;6314;0;0;0;;;;;;;
253;P.FERRO-unit1;1;13.9;1533.11;13.8;13.8;3;1;5187;0;0;0;;;;;;;
254;P.FERRO-unit2;1;12.5;1533.11;13.8;13.8;3;1;5187;0;0;0;;;;;;;
255;P.FERRO-unit3;1;13.9;1533.11;13.8;13.8;3;1;5187;0;0;0;;;;;;;
256;P.FERRO-unit4;1;12.5;1533.11;13.8;13.8;3;1;5187;0;0;0;;;;;;;
257;P.FERRO-unit5;1;13.9;1533.11;13.8;13.8;3;1;5187;0;0;0;;;;;;;
258;P.FERRO-unit6;1;12.5;1533.11;13.8;13.8;3;1;5187;0;0;0;;;;;;;
259;P.FERRO-unit7;1;14.9;1533.11;13.8;13.8;3;1;5187;0;0;0;;;;;;;
260;T.MANAUS-unit1;3;6.2;1533.11;4.2;4.2;3;1;5188;0;0;0;;;;;;;
261;T.MANAUS-unit2;6.7;13.9;1533.11;4.2;4.2;3;1;5188;0;0;0;;;;;;;
262;T.MANAUS-unit3;6;12.5;1533.11;4.2;4.2;3;1;5188;0;0;0;;;;;;;
263;T.MANAUS-unit4;6.7;13.9;1533.11;4.2;4.2;3;1;5188;0;0;0;;;;;;;
264;T.MANAUS-unit5;6;12.5;1533.11;4.2;4.2;3;1;5188;0;0;0;;;;;;;
265;T.MANAUS-unit6;6.7;13.9;1533.11;4.2;4.2;3;1;5188;0;0;0;;;;;;;
266;T.MANAUS-unit7;2.3;4.8;1533.11;4.2;4.2;3;1;5188;0;0;0;;;;;;;
267;T.MANAUS-unit8;6;12.5;1533.11;4.2;4.2;3;1;5188;0;0;0;;;;;;;
268;T.MANAUS-unit9;6.7;13.9;1533.11;4.2;4.2;3;1;5188;0;0;0;;;;;;;
269;T.MANAUS-unit10;6;12.5;1533.11;4.2;4.2;3;1;5188;0;0;0;;;;;;;
270;T.MANAUS-unit11;6.7;13.9;1533.11;4.2;4.2;3;1;5188;0;0;0;;;;;;;
271;T.MANAUS-unit12;6;12.5;1533.11;4.2;4.2;3;1;5188;0;0;0;;;;;;;
272;ATLANTICO-unit1;90;235.2;182.77;60;60;24;6;9600;0;0;0;;;;;;;
273;ATLANTICO-unit2;90;235.2;182.77;60;60;24;6;9603;0;0;0;;;;;;;
274;ATLANTICO 2;40;254.8;182.77;60;60;24;6;9615;0;0;0;;;;;;;
275;S.CRUZ 34-unit1;0;218;310.41;30;30;0;0;30;0;0;0;;;;;;;
276;S.CRUZ 34-unit2;0;218;310.41;30;30;0;0;30;0;0;0;;;;;;;
277;S.CRUZ NV-unit1;100;175;124.72;30;30;24;24;32;0;0;0;;;;;;;
278;S.CRUZ NV-unit2;100;175;124.72;30;30;24;24;32;0;0;0;;;;;;;
279;PIRATININGA 12-unit1;0;100;470.34;50;50;0;0;403;0;0;0;;;;;;;
280;PIRATININGA 12-unit2;0;100;470.34;50;50;0;0;404;0;0;0;;;;;;;
281;CAMPOS-unit1;8;13;800;20;20;4;6;201;0;0;0;Manually inserted to prevent load shedding;;;;;;
282;CAMPOS-unit2;8;12;800;20;20;4;6;203;0;0;0;Manually inserted to prevent load shedding;;;;;;
283;DAIA-unit1;2.8;22.1;1178.66;30;30;1;1;3004;0;0;0;;;;;;;
284;DAIA-unit2;2.8;22.34;1178.66;30;30;1;1;3004;0;0;0;;;;;;;
285;DAIA-unit3;0.2;1.6;1178.66;30;30;1;1;3004;0;0;0;;;;;;;
286;STA VITORIA;13;42;116.91;5;5;24;24;7160;0;0;0;;;;;;;
287;XAVANTES-unit1;18;26.064;1695.17;30;30;1;1;2979;0;0;0;;;;;;;
288;XAVANTES-unit2;18;27.512;1695.17;30;30;1;1;2979;0;0;0;;;;;;;
289;ALTOS;4;13.1;1024.21;30;30;0;0;5503;0;0;0;;;;;;;
290;ARACATI;4;11.5;1024.21;30;30;0;0;5453;0;0;0;;;;;;;
291;BAHIA-unit1;8;9.3;731.06;30;30;5;6;5803;0;0;0;;;;;;;
292;BAHIA-unit2;8;9.3;731.06;30;30;5;6;5803;0;0;0;;;;;;;
293;BAHIA-unit3;8;9.3;731.06;30;30;5;6;5803;0;0;0;;;;;;;
294;BATURITE;8;11.5;1024.21;30;30;0;0;5453;0;0;0;;;;;;;
295;IGUATU;8;14.8;1024.21;30;30;0;0;5453;0;0;0;;;;;;;
296;JUAZEIRO N;8;14.8;1024.21;30;30;0;0;5453;0;0;0;;;;;;;
297;MARAMBAIA;8;13.1;1024.21;30;30;0;0;5503;0;0;0;;;;;;;
298;MURICY-unit1;12.5;18;1167.53;30;30;5;4;5764;0;0;0;;;;;;;
299;MURICY-unit2;12.5;18;1167.53;30;30;5;4;5764;0;0;0;;;;;;;
300;MURICY-unit3;12.5;18;1167.53;30;30;5;4;5764;0;0;0;;;;;;;
301;MURICY-unit4;12.5;18;1167.53;30;30;6;4;5764;0;0;0;;;;;;;
302;MURICY-unit5;12.5;18;1167.53;30;30;8;6;5764;0;0;0;;;;;;;
303;MURICY-unit6;12.5;18;1167.53;30;30;8;6;5764;0;0;0;;;;;;;
304;MURICY-unit7;12.5;18;1167.53;30;30;8;6;5764;0;0;0;;;;;;;
305;MURICY-unit8;12.5;18;1167.53;30;30;8;6;5764;0;0;0;;;;;;;
306;NAZARIA;8;13.1;1024.21;30;30;0;0;5503;0;0;0;;;;;;;
307;PSERGIPE I-gas1;50;343;214.84;50;50;168;0;5700;0;0;0;;;;;;;
308;PSERGIPE I-gas2;50;343;214.84;50;50;168;0;5700;0;0;0;;;;;;;
309;PSERGIPE I-gas3;50;343;214.84;50;50;168;0;5700;0;0;0;;;;;;;
310;PSERGIPE I-steam;50;521;214.84;50;50;168;0;5800;0;0;0;;;;;;;
311;POTIGUAR-unit1;5;13.3;1223.16;50;50;4;1;5240;0;0;0;;;;;;;
312;POTIGUAR-unit2;5;13.3;1223.16;50;50;4;1;5240;0;0;0;;;;;;;
313;POTIGUAR-unit3;5;13.3;1223.16;50;50;4;1;5240;0;0;0;;;;;;;
314;POTIGUAR-unit4;5;13.3;1223.16;50;50;4;1;5240;0;0;0;;;;;;;
315;POTIGUAR_3-unit1;5;11.62;1223.15;50;50;4;1;5242;0;0;0;;;;;;;
316;POTIGUAR_3-unit2;5;11.62;1223.15;50;50;4;1;5242;0;0;0;;;;;;;
317;POTIGUAR_3-unit3;5;11.62;1223.15;50;50;4;1;5242;0;0;0;;;;;;;
318;POTIGUAR_3-unit4;5;9.96;1223.15;50;50;4;1;5242;0;0;0;;;;;;;
319;POTIGUAR_3-unit5;5;11.6;1223.15;50;50;4;1;5242;0;0;0;;;;;;;
320;POTIGUAR_3-unit6;5;10;1223.15;50;50;4;1;5242;0;0;0;;;;;;;
321;PROSPERIDA-unit1;4.6;9.341;159.37;50;50;12;2;6104;0;0;0;;;;;;;
322;PROSPERIDA-unit2;4.6;9.341;159.37;50;50;12;2;6104;0;0;0;;;;;;;
323;PROSPERIDA-unit3;4.6;9.341;159.37;50;50;12;2;6104;0;0;0;;;;;;;
324;SYKUE I;18;30;510.12;50;50;720;3;6365;0;0;0;;;;;;;
325;TERMOCABO-unit1;13;16.575;664.88;50;50;12;12;5134;0;0;0;;;;;;;
326;TERMOCABO-unit2;13;16.575;664.88;50;50;12;12;5134;0;0;0;;;;;;;
327;TERMOCABO-unit3;13;16.575;664.88;50;50;12;12;5134;0;0;0;;;;;;;
328;PARNAIB_IV;51;56.3;151.69;50;50;120;48;5642;0;0;0;;;;;;;
</Thermal plants>;;;;;;;;;;;;;;;;;;;
<Deficit cost>;;;;;;;;;;;;;;;;;;;
Deficit cost  in ($/(MWh/h));;;;;;;;;;;;;;;;;;;
6524;;;;;;;;;;;;;;;;;;;
</Deficit cost>;;;;;;;;;;;;;;;;;;;
</END>;;;;;;;;;;;;;;;;;;;
