<BEGIN>;;;;;;;;;;;;;;;;;;;;;;
ID;Name;Trajectory;Step 0 (MW);Step 1 (MW);Step 2 (MW);Step 3 (MW);Step 4 (MW);Step 5 (MW);Step 6 (MW);Step 7 (MW);Step 8 (MW);Step 9 (MW);Step 10 (MW);Step 11 (MW);Step 12 (MW);Step 13 (MW);Step 14 (MW);Step 15 (MW);Step 16 (MW);Step 17 (MW);Step 18 (MW);Step 19 (MW)
0;PAMPA SUL;Start-up;0;24;72;120;;;;;;;;;;;;;;;;
0;PAMPA SUL;Shut-down;80;20;0;;;;;;;;;;;;;;;;;
1;CANDIOTA 3;Start-up;0;60;120;;;;;;;;;;;;;;;;;
1;CANDIOTA 3;Shut-down;120;60;0;;;;;;;;;;;;;;;;;
2;P. PECEM-unit1;Start-up;0;30;90;150;210;;;;;;;;;;;;;;;
2;P. PECEM-unit1;Shut-down;210;150;90;30;0;;;;;;;;;;;;;;;
3;P. PECEM-unit2;Start-up;0;30;90;150;210;;;;;;;;;;;;;;;
3;P. PECEM-unit2;Shut-down;210;150;90;30;0;;;;;;;;;;;;;;;
4;P.ITAQUI;Start-up;0;30;96;162;228;;;;;;;;;;;;;;;
4;P.ITAQUI;Shut-down;200;40;0;;;;;;;;;;;;;;;;;
5;PECEM 2;Start-up;0;30;60;150;;;;;;;;;;;;;;;;
5;PECEM 2;Shut-down;200;100;0;;;;;;;;;;;;;;;;;
6;J.LACERDA-C-unit7;Start-up;0;23;68;113;158;;;;;;;;;;;;;;;
6;J.LACERDA-C-unit7;Shut-down;120;60;0;;;;;;;;;;;;;;;;;
7;J.LACERDA-B-unit5;Start-up;0;18;54;;;;;;;;;;;;;;;;;
7;J.LACERDA-B-unit5;Shut-down;40;0;;;;;;;;;;;;;;;;;;
8;J.LACERDA-B-unit6;Start-up;0;18;54;;;;;;;;;;;;;;;;;
8;J.LACERDA-B-unit6;Shut-down;40;0;;;;;;;;;;;;;;;;;;
9;J.LACERDA-A1-unit1;Start-up;0;6;18;30;;;;;;;;;;;;;;;;
9;J.LACERDA-A1-unit1;Shut-down;20;0;;;;;;;;;;;;;;;;;;
10;J.LACERDA-A1-unit2;Start-up;0;6;18;30;;;;;;;;;;;;;;;;
10;J.LACERDA-A1-unit2;Shut-down;20;0;;;;;;;;;;;;;;;;;;
11;J.LACERDA-A2-unit3;Start-up;0;3;10;17;23;30;;;;;;;;;;;;;;
11;J.LACERDA-A2-unit3;Shut-down;22;0;;;;;;;;;;;;;;;;;;
12;J.LACERDA-A2-unit4;Start-up;0;3;10;17;23;30;;;;;;;;;;;;;;
12;J.LACERDA-A2-unit4;Shut-down;22;0;;;;;;;;;;;;;;;;;;
13;ARAUCARIA-unit1;Start-up;0;39;;;;;;;;;;;;;;;;;;
13;ARAUCARIA-unit1;Shut-down;78;0;;;;;;;;;;;;;;;;;;
14;ARAUCARIA-unit2;Start-up;0;39;;;;;;;;;;;;;;;;;;
14;ARAUCARIA-unit2;Shut-down;78;0;;;;;;;;;;;;;;;;;;
15;ARAUCARIA-unit3;Start-up;0;39;;;;;;;;;;;;;;;;;;
15;ARAUCARIA-unit3;Shut-down;78;0;;;;;;;;;;;;;;;;;;
16;CUBATAO-unit1;Start-up;0;10;30;35;60;80;;;;;;;;;;;;;;
16;CUBATAO-unit1;Shut-down;80;60;35;30;10;0;;;;;;;;;;;;;;
17;CUBATAO-unit2;Start-up;0;10;30;;;;;;;;;;;;;;;;;
17;CUBATAO-unit2;Shut-down;30;10;0;;;;;;;;;;;;;;;;;
18;SEROPEDICA-unit1;Start-up;0;;;;;;;;;;;;;;;;;;;
18;SEROPEDICA-unit1;Shut-down;20;0;;;;;;;;;;;;;;;;;;
19;SEROPEDICA-unit2;Start-up;0;;;;;;;;;;;;;;;;;;;
19;SEROPEDICA-unit2;Shut-down;20;0;;;;;;;;;;;;;;;;;;
20;SEROPEDICA-unit3;Start-up;0;;;;;;;;;;;;;;;;;;;
20;SEROPEDICA-unit3;Shut-down;20;0;;;;;;;;;;;;;;;;;;
21;SEROPEDICA-unit4;Start-up;0;;;;;;;;;;;;;;;;;;;
21;SEROPEDICA-unit4;Shut-down;20;0;;;;;;;;;;;;;;;;;;
22;SEROPEDICA-unit5;Start-up;0;;;;;;;;;;;;;;;;;;;
22;SEROPEDICA-unit5;Shut-down;20;0;;;;;;;;;;;;;;;;;;
23;SEROPEDICA-unit6;Start-up;0;;;;;;;;;;;;;;;;;;;
23;SEROPEDICA-unit6;Shut-down;20;0;;;;;;;;;;;;;;;;;;
24;SEROPEDICA-unit7;Start-up;0;;;;;;;;;;;;;;;;;;;
24;SEROPEDICA-unit7;Shut-down;20;0;;;;;;;;;;;;;;;;;;
25;SEROPEDICA-unit8;Start-up;0;;;;;;;;;;;;;;;;;;;
25;SEROPEDICA-unit8;Shut-down;20;0;;;;;;;;;;;;;;;;;;
26;JARAQUI-unit6;Start-up;0;3.7;10.4;;;;;;;;;;;;;;;;;
26;JARAQUI-unit6;Shut-down;7.3;0;;;;;;;;;;;;;;;;;;
27;JARAQUI-unit7;Start-up;0;3.3;9.6;;;;;;;;;;;;;;;;;
27;JARAQUI-unit7;Shut-down;6.7;0;;;;;;;;;;;;;;;;;;
28;MANAUARA-unit1;Start-up;0;3.4;;;;;;;;;;;;;;;;;;
28;MANAUARA-unit1;Shut-down;6.8;0;;;;;;;;;;;;;;;;;;
29;MANAUARA-unit2;Start-up;0;3.4;;;;;;;;;;;;;;;;;;
29;MANAUARA-unit2;Shut-down;6.8;0;;;;;;;;;;;;;;;;;;
30;MANAUARA-unit3;Start-up;0;3.4;;;;;;;;;;;;;;;;;;
30;MANAUARA-unit3;Shut-down;6.8;0;;;;;;;;;;;;;;;;;;
31;MANAUARA-unit4;Start-up;0;3.4;;;;;;;;;;;;;;;;;;
31;MANAUARA-unit4;Shut-down;6.8;0;;;;;;;;;;;;;;;;;;
32;MANAUARA-unit5;Start-up;0;3.4;;;;;;;;;;;;;;;;;;
32;MANAUARA-unit5;Shut-down;6.8;0;;;;;;;;;;;;;;;;;;
33;N.FLU_DESSEM-unit1;Start-up;0;5.4;5.4;5.4;5.4;9.7;27.9;52.7;81.7;;;;;;;;;;;
33;N.FLU_DESSEM-unit1;Shut-down;109.6;73.1;27.9;9.7;5.4;5.4;5.4;5.4;0;;;;;;;;;;;
34;N.FLU_DESSEM-unit2;Start-up;0;5.4;5.4;5.4;5.4;9.7;28;52.8;81.9;;;;;;;;;;;
34;N.FLU_DESSEM-unit2;Shut-down;109.9;73.3;28;9.7;5.4;5.4;5.4;5.4;0;;;;;;;;;;;
35;N.FLU_DESSEM-unit3;Start-up;0;5.4;5.4;5.4;5.4;9.8;28.3;53.3;82.6;;;;;;;;;;;
35;N.FLU_DESSEM-unit3;Shut-down;110.9;73.9;53.3;28.3;5.4;5.4;5.4;5.4;0;;;;;;;;;;;
36;N.FLU_DESSEM-unit4;Start-up;0;8.8;8.8;8.8;8.8;15.8;45.8;86.2;133.8;;;;;;;;;;;
36;N.FLU_DESSEM-unit4;Shut-down;119.7;45.8;15.8;8.8;8.8;8.8;8.8;0;;;;;;;;;;;;
37;P. NEGRA-unit1;Start-up;;;;;;;;;;;;;;;;;;;;
37;P. NEGRA-unit1;Shut-down;;;;;;;;;;;;;;;;;;;;
38;P. NEGRA-unit2;Start-up;;;;;;;;;;;;;;;;;;;;
38;P. NEGRA-unit2;Shut-down;;;;;;;;;;;;;;;;;;;;
39;P. NEGRA-unit3;Start-up;;;;;;;;;;;;;;;;;;;;
39;P. NEGRA-unit3;Shut-down;;;;;;;;;;;;;;;;;;;;
40;P. NEGRA-unit4;Start-up;;;;;;;;;;;;;;;;;;;;
40;P. NEGRA-unit4;Shut-down;;;;;;;;;;;;;;;;;;;;
41;TERMORIO-unit1;Start-up;0;20;35;50;;;;;;;;;;;;;;;;
41;TERMORIO-unit1;Shut-down;50;35;20;0;;;;;;;;;;;;;;;;
42;TERMORIO-unit2;Start-up;0;20;35;50;;;;;;;;;;;;;;;;
42;TERMORIO-unit2;Shut-down;50;35;20;0;;;;;;;;;;;;;;;;
43;TERMORIO-unit3;Start-up;0;20;35;50;;;;;;;;;;;;;;;;
43;TERMORIO-unit3;Shut-down;50;35;20;0;;;;;;;;;;;;;;;;
44;TERMORIO-unit4;Start-up;0;20;35;50;;;;;;;;;;;;;;;;
44;TERMORIO-unit4;Shut-down;50;35;20;0;;;;;;;;;;;;;;;;
45;TERMORIO-unit5;Start-up;0;20;35;50;;;;;;;;;;;;;;;;
45;TERMORIO-unit5;Shut-down;50;35;20;0;;;;;;;;;;;;;;;;
46;TERMORIO-unit6;Start-up;0;20;35;50;;;;;;;;;;;;;;;;
46;TERMORIO-unit6;Shut-down;50;35;20;0;;;;;;;;;;;;;;;;
47;TERMORIO-unit7;Start-up;0;20;40;60;;;;;;;;;;;;;;;;
47;TERMORIO-unit7;Shut-down;60;40;20;0;;;;;;;;;;;;;;;;
48;TERMORIO-unit8;Start-up;0;20;40;60;;;;;;;;;;;;;;;;
48;TERMORIO-unit8;Shut-down;60;40;20;0;;;;;;;;;;;;;;;;
49;T.LAGOAS-unit1;Start-up;0;29;45;;;;;;;;;;;;;;;;;
49;T.LAGOAS-unit1;Shut-down;45;29;0;;;;;;;;;;;;;;;;;
50;T.LAGOAS-unit2;Start-up;0;29;45;;;;;;;;;;;;;;;;;
50;T.LAGOAS-unit2;Shut-down;45;29;0;;;;;;;;;;;;;;;;;
51;T.LAGOAS-unit3;Start-up;0;29;45;;;;;;;;;;;;;;;;;
51;T.LAGOAS-unit3;Shut-down;45;29;0;;;;;;;;;;;;;;;;;
52;T.LAGOAS-unit4;Start-up;0;29;45;;;;;;;;;;;;;;;;;
52;T.LAGOAS-unit4;Shut-down;45;29;0;;;;;;;;;;;;;;;;;
53;T.LAGOAS-unit5;Start-up;0;29;45;;;;;;;;;;;;;;;;;
53;T.LAGOAS-unit5;Shut-down;45;29;0;;;;;;;;;;;;;;;;;
54;T.LAGOAS-unit6;Start-up;0;29;45;;;;;;;;;;;;;;;;;
54;T.LAGOAS-unit6;Shut-down;45;29;0;;;;;;;;;;;;;;;;;
53;MARANHAO 3-unit1;Start-up;0;15;15;15;25;70;100;100;100;115;;;;;;;;;;
53;MARANHAO 3-unit1;Shut-down;100;0;;;;;;;;;;;;;;;;;;
54;MARANHAO 3-unit2;Start-up;0;15;15;15;25;70;100;100;100;115;;;;;;;;;;
54;MARANHAO 3-unit2;Shut-down;100;0;;;;;;;;;;;;;;;;;;
55;MARANHAO 3-unit3;Start-up;0;15;15;15;25;70;100;100;100;115;;;;;;;;;;
55;MARANHAO 3-unit3;Shut-down;100;0;;;;;;;;;;;;;;;;;;
54;TERMOPERNAMB-unit1;Start-up;0;5.3;10.5;10.5;10.5;10.5;10.5;10.5;10.5;19.8;19.8;39.3;88.7;;;;;;;
54;TERMOPERNAMB-unit1;Shut-down;88.7;39.3;19.8;19.8;10.5;10.5;10.5;10.5;10.5;10.5;10.5;5.3;0;;;;;;;
55;TERMOPERNAMB-unit2;Start-up;0;5.1;10.2;10.2;10.2;10.2;10.2;10.2;10.2;19.3;19.3;38.2;86.3;95.4;;;;;;
55;TERMOPERNAMB-unit2;Shut-down;125.5;95.4;86.3;38.2;19.3;19.3;10.2;10.2;10.2;10.2;10.2;10.2;10.2;0;;;;;;
56;TERMOPERNAMB-unit3;Start-up;0;6.6;13.3;13.3;13.3;13.3;13.3;13.3;13.3;25;25;49.5;111.9;123.6;;;;;;
56;TERMOPERNAMB-unit3;Shut-down;162.6;123.6;111.9;49.5;25;25;13.3;13.3;13.3;13.3;13.3;13.3;13.3;0;;;;;;
57;B FLUMINENSE-unit1;Start-up;0;25;50;75;100;;;;;;;;;;;;;;;
57;B FLUMINENSE-unit1;Shut-down;100;75;50;25;0;;;;;;;;;;;;;;;
58;B FLUMINENSE-unit2;Start-up;0;25;50;75;100;;;;;;;;;;;;;;;
58;B FLUMINENSE-unit2;Shut-down;100;75;50;25;0;;;;;;;;;;;;;;;
59;B FLUMINENSE-unit3;Start-up;0;25;50;75;100;;;;;;;;;;;;;;;
59;B FLUMINENSE-unit3;Shut-down;100;75;50;25;0;;;;;;;;;;;;;;;
60;MARANHAO 4-unit1;Start-up;0;20;50;75;;;;;;;;;;;;;;;;
60;MARANHAO 4-unit1;Shut-down;75;50;20;0;;;;;;;;;;;;;;;;
61;MARANHAO 4-unit2;Start-up;0;20;50;75;;;;;;;;;;;;;;;;
61;MARANHAO 4-unit2;Shut-down;75;50;20;0;;;;;;;;;;;;;;;;
61;MARANHAO 5-unit1;Start-up;0;20;50;75;;;;;;;;;;;;;;;;
61;MARANHAO 5-unit1;Shut-down;75;50;20;0;;;;;;;;;;;;;;;;
61;MARANHAO 5-unit2;Start-up;0;20;50;75;;;;;;;;;;;;;;;;
61;MARANHAO 5-unit2;Shut-down;75;50;20;0;;;;;;;;;;;;;;;;
62;FORTALEZA-unit1;Start-up;0;4;4;14;25;;;;;;;;;;;;;;;
62;FORTALEZA-unit1;Shut-down;83;0;;;;;;;;;;;;;;;;;;
63;FORTALEZA-unit2;Start-up;0;4;4;14;25;;;;;;;;;;;;;;;
63;FORTALEZA-unit2;Shut-down;83;0;;;;;;;;;;;;;;;;;;
64;FORTALEZA-unit3;Start-up;0;4;4;18;29;;;;;;;;;;;;;;;
64;FORTALEZA-unit3;Shut-down;83;0;;;;;;;;;;;;;;;;;;
65;LINHARES-unit1;Start-up;0;8.5;;;;;;;;;;;;;;;;;;
65;LINHARES-unit1;Shut-down;17;0;;;;;;;;;;;;;;;;;;
66;LINHARES-unit2;Start-up;0;8.5;;;;;;;;;;;;;;;;;;
66;LINHARES-unit2;Shut-down;17;0;;;;;;;;;;;;;;;;;;
67;LINHARES-unit3;Start-up;0;8.5;;;;;;;;;;;;;;;;;;
67;LINHARES-unit3;Shut-down;17;0;;;;;;;;;;;;;;;;;;
68;LINHARES-unit4;Start-up;0;8.5;;;;;;;;;;;;;;;;;;
68;LINHARES-unit4;Shut-down;17;0;;;;;;;;;;;;;;;;;;
69;N VENECIA;Start-up;;;;;;;;;;;;;;;;;;;;
69;N VENECIA;Shut-down;;;;;;;;;;;;;;;;;;;;
70;J.DEFORA-unit1;Start-up;;;;;;;;;;;;;;;;;;;;
70;J.DEFORA-unit1;Shut-down;;;;;;;;;;;;;;;;;;;;
71;J.DEFORA-unit2;Start-up;;;;;;;;;;;;;;;;;;;;
71;J.DEFORA-unit2;Shut-down;;;;;;;;;;;;;;;;;;;;
72;RALMEIDA(L)-unit1;Start-up;0;5;;;;;;;;;;;;;;;;;;
72;RALMEIDA(L)-unit1;Shut-down;0;;;;;;;;;;;;;;;;;;;
73;RALMEIDA(L)-unit2;Start-up;0;5;;;;;;;;;;;;;;;;;;
73;RALMEIDA(L)-unit2;Shut-down;0;;;;;;;;;;;;;;;;;;;
74;RALMEIDA(L)-unit3;Start-up;0;5;;;;;;;;;;;;;;;;;;
74;RALMEIDA(L)-unit3;Shut-down;0;;;;;;;;;;;;;;;;;;;
75;RALMEIDA(L)-unit4;Start-up;0;10;;;;;;;;;;;;;;;;;;
75;RALMEIDA(L)-unit4;Shut-down;0;;;;;;;;;;;;;;;;;;;
83;IBIRITE-gas;Start-up;0;50;75;;;;;;;;;;;;;;;;;
83;IBIRITE-gas;Shut-down;75;50;0;;;;;;;;;;;;;;;;;
83;IBIRITE-steam;Start-up;0;25;;;;;;;;;;;;;;;;;;
83;IBIRITE-steam;Shut-down;25;0;;;;;;;;;;;;;;;;;;
84;TERMOCEARA(L)-unit1;Start-up;0;12.5;;;;;;;;;;;;;;;;;;
84;TERMOCEARA(L)-unit1;Shut-down;12.5;0;;;;;;;;;;;;;;;;;;
85;TERMOCEARA(L)-unit2;Start-up;0;12.5;;;;;;;;;;;;;;;;;;
85;TERMOCEARA(L)-unit2;Shut-down;12.5;0;;;;;;;;;;;;;;;;;;
86;TERMOCEARA(L)-unit3;Start-up;0;12.5;;;;;;;;;;;;;;;;;;
86;TERMOCEARA(L)-unit3;Shut-down;12.5;0;;;;;;;;;;;;;;;;;;
87;TERMOCEARA(L)-unit4;Start-up;0;12.5;;;;;;;;;;;;;;;;;;
87;TERMOCEARA(L)-unit4;Shut-down;12.5;0;;;;;;;;;;;;;;;;;;
88;TERMOBAHIA;Start-up;0;60;;;;;;;;;;;;;;;;;;
88;TERMOBAHIA;Shut-down;0;;;;;;;;;;;;;;;;;;;
89;VALE DO ACU-unit1;Start-up;0;;;;;;;;;;;;;;;;;;;
89;VALE DO ACU-unit1;Shut-down;20;0;;;;;;;;;;;;;;;;;;
90;VALE DO ACU-unit2;Start-up;0;;;;;;;;;;;;;;;;;;;
90;VALE DO ACU-unit2;Shut-down;20;0;;;;;;;;;;;;;;;;;;
91;URUGUAIANA-unit1;Start-up;;;;;;;;;;;;;;;;;;;;
91;URUGUAIANA-unit1;Shut-down;;;;;;;;;;;;;;;;;;;;
92;URUGUAIANA-unit2;Start-up;;;;;;;;;;;;;;;;;;;;
92;URUGUAIANA-unit2;Shut-down;;;;;;;;;;;;;;;;;;;;
93;URUGUAIANA-unit3;Start-up;;;;;;;;;;;;;;;;;;;;
93;URUGUAIANA-unit3;Shut-down;;;;;;;;;;;;;;;;;;;;
94;M.COVAS-unit1;Start-up;0;33;;;;;;;;;;;;;;;;;;
94;M.COVAS-unit1;Shut-down;66;0;;;;;;;;;;;;;;;;;;
95;M.COVAS-unit2;Start-up;0;33;;;;;;;;;;;;;;;;;;
95;M.COVAS-unit2;Shut-down;66;0;;;;;;;;;;;;;;;;;;
96;M.COVAS-unit3;Start-up;0;33;;;;;;;;;;;;;;;;;;
96;M.COVAS-unit3;Shut-down;66;0;;;;;;;;;;;;;;;;;;
97;NPIRATININGA-unit1;Start-up;0;10;20;40;;;;;;;;;;;;;;;;
97;NPIRATININGA-unit1;Shut-down;40;20;10;0;;;;;;;;;;;;;;;;
98;NPIRATININGA-unit2;Start-up;0;10;20;40;;;;;;;;;;;;;;;;
98;NPIRATININGA-unit2;Shut-down;40;20;10;0;;;;;;;;;;;;;;;;
99;NPIRATININGA-unit3;Start-up;0;10;20;40;;;;;;;;;;;;;;;;
99;NPIRATININGA-unit3;Shut-down;40;20;10;0;;;;;;;;;;;;;;;;
100;NPIRATININGA-unit4;Start-up;0;10;20;40;;;;;;;;;;;;;;;;
100;NPIRATININGA-unit4;Shut-down;40;20;10;0;;;;;;;;;;;;;;;;
101;NPIRATININGA-unit5;Start-up;0;10;20;40;;;;;;;;;;;;;;;;
101;NPIRATININGA-unit5;Shut-down;40;20;10;0;;;;;;;;;;;;;;;;
102;NPIRATININGA-unit6;Start-up;0;10;20;40;;;;;;;;;;;;;;;;
102;NPIRATININGA-unit6;Shut-down;40;20;10;0;;;;;;;;;;;;;;;;
103;TERMOMACAE-unit1;Start-up;0;10;20;30;;;;;;;;;;;;;;;;
103;TERMOMACAE-unit1;Shut-down;20;10;0;;;;;;;;;;;;;;;;;
104;TERMOMACAE-unit2;Start-up;0;10;20;30;;;;;;;;;;;;;;;;
104;TERMOMACAE-unit2;Shut-down;20;10;0;;;;;;;;;;;;;;;;;
105;TERMOMACAE-unit3;Start-up;0;10;20;30;;;;;;;;;;;;;;;;
105;TERMOMACAE-unit3;Shut-down;20;10;0;;;;;;;;;;;;;;;;;
106;TERMOMACAE-unit4;Start-up;0;10;20;30;;;;;;;;;;;;;;;;
106;TERMOMACAE-unit4;Shut-down;20;10;0;;;;;;;;;;;;;;;;;
107;TERMOMACAE-unit5;Start-up;0;10;20;30;;;;;;;;;;;;;;;;
107;TERMOMACAE-unit5;Shut-down;20;10;0;;;;;;;;;;;;;;;;;
108;TERMOMACAE-unit6;Start-up;0;10;20;30;;;;;;;;;;;;;;;;
108;TERMOMACAE-unit6;Shut-down;20;10;0;;;;;;;;;;;;;;;;;
109;TERMOMACAE-unit7;Start-up;0;10;20;30;;;;;;;;;;;;;;;;
109;TERMOMACAE-unit7;Shut-down;20;10;0;;;;;;;;;;;;;;;;;
110;TERMOMACAE-unit8;Start-up;0;10;20;30;;;;;;;;;;;;;;;;
110;TERMOMACAE-unit8;Shut-down;20;10;0;;;;;;;;;;;;;;;;;
111;TERMOMACAE-unit9;Start-up;0;10;20;30;;;;;;;;;;;;;;;;
111;TERMOMACAE-unit9;Shut-down;20;10;0;;;;;;;;;;;;;;;;;
112;TERMOMACAE-unit10;Start-up;0;10;20;30;;;;;;;;;;;;;;;;
112;TERMOMACAE-unit10;Shut-down;20;10;0;;;;;;;;;;;;;;;;;
113;TERMOMACAE-unit11;Start-up;0;10;20;30;;;;;;;;;;;;;;;;
113;TERMOMACAE-unit11;Shut-down;20;10;0;;;;;;;;;;;;;;;;;
114;TERMOMACAE-unit12;Start-up;0;10;20;30;;;;;;;;;;;;;;;;
114;TERMOMACAE-unit12;Shut-down;20;10;0;;;;;;;;;;;;;;;;;
115;TERMOMACAE-unit13;Start-up;0;10;20;30;;;;;;;;;;;;;;;;
115;TERMOMACAE-unit13;Shut-down;20;10;0;;;;;;;;;;;;;;;;;
116;TERMOMACAE-unit14;Start-up;0;10;20;30;;;;;;;;;;;;;;;;
116;TERMOMACAE-unit14;Shut-down;20;10;0;;;;;;;;;;;;;;;;;
117;TERMOMACAE-unit15;Start-up;0;10;20;30;;;;;;;;;;;;;;;;
117;TERMOMACAE-unit15;Shut-down;20;10;0;;;;;;;;;;;;;;;;;
118;TERMOMACAE-unit16;Start-up;0;10;20;30;;;;;;;;;;;;;;;;
118;TERMOMACAE-unit16;Shut-down;20;10;0;;;;;;;;;;;;;;;;;
119;TERMOMACAE-unit17;Start-up;0;10;20;30;;;;;;;;;;;;;;;;
119;TERMOMACAE-unit17;Shut-down;20;10;0;;;;;;;;;;;;;;;;;
120;TERMOMACAE-unit18;Start-up;0;10;20;30;;;;;;;;;;;;;;;;
120;TERMOMACAE-unit18;Shut-down;20;10;0;;;;;;;;;;;;;;;;;
121;TERMOMACAE-unit19;Start-up;0;10;20;30;;;;;;;;;;;;;;;;
121;TERMOMACAE-unit19;Shut-down;20;10;0;;;;;;;;;;;;;;;;;
122;TERMOMACAE-unit20;Start-up;0;10;20;30;;;;;;;;;;;;;;;;
122;TERMOMACAE-unit20;Shut-down;20;10;0;;;;;;;;;;;;;;;;;
123;S.TIARAJU(L)-gas;Start-up;0;;;;;;;;;;;;;;;;;;;
123;S.TIARAJU(L)-gas;Shut-down;45;0;;;;;;;;;;;;;;;;;;
123;S.TIARAJU(L)-steam;Start-up;0;;;;;;;;;;;;;;;;;;;
123;S.TIARAJU(L)-steam;Shut-down;40;0;;;;;;;;;;;;;;;;;;
124;TNORTE 2-unit1;Start-up;0;20;;;;;;;;;;;;;;;;;;
124;TNORTE 2-unit1;Shut-down;0;;;;;;;;;;;;;;;;;;;
125;TNORTE 2-unit2;Start-up;0;20;;;;;;;;;;;;;;;;;;
125;TNORTE 2-unit2;Shut-down;0;;;;;;;;;;;;;;;;;;;
126;TNORTE 2-unit3;Start-up;0;20;;;;;;;;;;;;;;;;;;
126;TNORTE 2-unit3;Shut-down;0;;;;;;;;;;;;;;;;;;;
127;TNORTE 2-unit4;Start-up;0;20;;;;;;;;;;;;;;;;;;
127;TNORTE 2-unit4;Shut-down;0;;;;;;;;;;;;;;;;;;;
128;APAREC B1-unit1;Start-up;;;;;;;;;;;;;;;;;;;;
128;APAREC B1-unit1;Shut-down;;;;;;;;;;;;;;;;;;;;
129;APAREC B1-unit2;Start-up;;;;;;;;;;;;;;;;;;;;
129;APAREC B1-unit2;Shut-down;;;;;;;;;;;;;;;;;;;;
130;APAREC B1-unit3;Start-up;;;;;;;;;;;;;;;;;;;;
130;APAREC B1-unit3;Shut-down;;;;;;;;;;;;;;;;;;;;
131;APAREC B1-unit4;Start-up;;;;;;;;;;;;;;;;;;;;
131;APAREC B1-unit4;Shut-down;;;;;;;;;;;;;;;;;;;;
132;SUZANO MA;Start-up;;;;;;;;;;;;;;;;;;;;
132;SUZANO MA;Shut-down;;;;;;;;;;;;;;;;;;;;
133;ANGRA 2;Start-up;0;300;400;400;603;864;;;;;;;;;;;;;;
133;ANGRA 2;Shut-down;864;603;400;400;300;0;;;;;;;;;;;;;;
134;ANGRA 1;Start-up;0;122;302;482;499;517;;;;;;;;;;;;;;
134;ANGRA 1;Shut-down;517;499;482;302;122;0;;;;;;;;;;;;;;
135;CRIST.ROCHA-unit1;Start-up;0;1.4;;;;;;;;;;;;;;;;;;
135;CRIST.ROCHA-unit1;Shut-down;0;;;;;;;;;;;;;;;;;;;
136;CRIST.ROCHA-unit2;Start-up;0;1.4;;;;;;;;;;;;;;;;;;
136;CRIST.ROCHA-unit2;Shut-down;0;;;;;;;;;;;;;;;;;;;
137;CRIST.ROCHA-unit3;Start-up;0;1.4;;;;;;;;;;;;;;;;;;
137;CRIST.ROCHA-unit3;Shut-down;0;;;;;;;;;;;;;;;;;;;
138;CRIST.ROCHA-unit4;Start-up;0;1.4;;;;;;;;;;;;;;;;;;
138;CRIST.ROCHA-unit4;Shut-down;0;;;;;;;;;;;;;;;;;;;
139;CRIST.ROCHA-unit5;Start-up;0;1.4;;;;;;;;;;;;;;;;;;
139;CRIST.ROCHA-unit5;Shut-down;0;;;;;;;;;;;;;;;;;;;
140;TAMBAQUI-unit1;Start-up;0;2.8;;;;;;;;;;;;;;;;;;
140;TAMBAQUI-unit1;Shut-down;6.6;0;;;;;;;;;;;;;;;;;;
141;TAMBAQUI-unit2;Start-up;0;6.3;;;;;;;;;;;;;;;;;;
141;TAMBAQUI-unit2;Shut-down;14.8;0;;;;;;;;;;;;;;;;;;
142;TAMBAQUI-unit3;Start-up;0;5.8;;;;;;;;;;;;;;;;;;
142;TAMBAQUI-unit3;Shut-down;13.6;0;;;;;;;;;;;;;;;;;;
143;MARACANAU-unit1;Start-up;0;5.8;;;;;;;;;;;;;;;;;;
143;MARACANAU-unit1;Shut-down;11.9;0;;;;;;;;;;;;;;;;;;
144;MARACANAU-unit2;Start-up;0;5.8;;;;;;;;;;;;;;;;;;
144;MARACANAU-unit2;Shut-down;11.9;0;;;;;;;;;;;;;;;;;;
145;MARACANAU-unit3;Start-up;0;5.8;;;;;;;;;;;;;;;;;;
145;MARACANAU-unit3;Shut-down;11.9;0;;;;;;;;;;;;;;;;;;
146;MARACANAU-unit4;Start-up;0;5.8;;;;;;;;;;;;;;;;;;
146;MARACANAU-unit4;Shut-down;11.9;0;;;;;;;;;;;;;;;;;;
147;MARACANAU-unit5;Start-up;0;5.8;;;;;;;;;;;;;;;;;;
147;MARACANAU-unit5;Shut-down;11.9;0;;;;;;;;;;;;;;;;;;
148;MARACANAU-unit6;Start-up;0;5.8;;;;;;;;;;;;;;;;;;
148;MARACANAU-unit6;Shut-down;11.9;0;;;;;;;;;;;;;;;;;;
149;MARACANAU-unit7;Start-up;0;5.8;;;;;;;;;;;;;;;;;;
149;MARACANAU-unit7;Shut-down;11.9;0;;;;;;;;;;;;;;;;;;
150;MARACANAU-unit8;Start-up;0;5.8;;;;;;;;;;;;;;;;;;
150;MARACANAU-unit8;Shut-down;11.9;0;;;;;;;;;;;;;;;;;;
151;T.NORDESTE-unit1;Start-up;0;12;35;;;;;;;;;;;;;;;;;
151;T.NORDESTE-unit1;Shut-down;0;;;;;;;;;;;;;;;;;;;
152;T.NORDESTE-unit2;Start-up;0;12;35;;;;;;;;;;;;;;;;;
152;T.NORDESTE-unit2;Shut-down;0;;;;;;;;;;;;;;;;;;;
153;T.NORDESTE-unit3;Start-up;0;12;35;;;;;;;;;;;;;;;;;
153;T.NORDESTE-unit3;Shut-down;0;;;;;;;;;;;;;;;;;;;
154;T.PARAIBA-unit1;Start-up;0;12;35;;;;;;;;;;;;;;;;;
154;T.PARAIBA-unit1;Shut-down;0;;;;;;;;;;;;;;;;;;;
155;T.PARAIBA-unit2;Start-up;0;12;35;;;;;;;;;;;;;;;;;
155;T.PARAIBA-unit2;Shut-down;0;;;;;;;;;;;;;;;;;;;
156;T.PARAIBA-unit3;Start-up;0;12;35;;;;;;;;;;;;;;;;;
156;T.PARAIBA-unit3;Shut-down;0;;;;;;;;;;;;;;;;;;;
157;GERAMAR I-unit1;Start-up;;;;;;;;;;;;;;;;;;;;
157;GERAMAR I-unit1;Shut-down;;;;;;;;;;;;;;;;;;;;
158;GERAMAR I-unit2;Start-up;;;;;;;;;;;;;;;;;;;;
158;GERAMAR I-unit2;Shut-down;;;;;;;;;;;;;;;;;;;;
159;GERAMAR I-unit3;Start-up;;;;;;;;;;;;;;;;;;;;
159;GERAMAR I-unit3;Shut-down;;;;;;;;;;;;;;;;;;;;
160;GERAMAR I-unit4;Start-up;;;;;;;;;;;;;;;;;;;;
160;GERAMAR I-unit4;Shut-down;;;;;;;;;;;;;;;;;;;;
161;GERAMAR I-unit5;Start-up;;;;;;;;;;;;;;;;;;;;
161;GERAMAR I-unit5;Shut-down;;;;;;;;;;;;;;;;;;;;
162;GERAMAR I-unit6;Start-up;;;;;;;;;;;;;;;;;;;;
162;GERAMAR I-unit6;Shut-down;;;;;;;;;;;;;;;;;;;;
163;GERAMAR I-unit7;Start-up;;;;;;;;;;;;;;;;;;;;
163;GERAMAR I-unit7;Shut-down;;;;;;;;;;;;;;;;;;;;
164;GERAMAR I-unit8;Start-up;;;;;;;;;;;;;;;;;;;;
164;GERAMAR I-unit8;Shut-down;;;;;;;;;;;;;;;;;;;;
165;GERAMAR I-unit9;Start-up;;;;;;;;;;;;;;;;;;;;
165;GERAMAR I-unit9;Shut-down;;;;;;;;;;;;;;;;;;;;
166;GERAMAR I-unit10;Start-up;;;;;;;;;;;;;;;;;;;;
166;GERAMAR I-unit10;Shut-down;;;;;;;;;;;;;;;;;;;;
167;GERAMAR I-unit11;Start-up;;;;;;;;;;;;;;;;;;;;
167;GERAMAR I-unit11;Shut-down;;;;;;;;;;;;;;;;;;;;
168;GERAMAR I-unit12;Start-up;;;;;;;;;;;;;;;;;;;;
168;GERAMAR I-unit12;Shut-down;;;;;;;;;;;;;;;;;;;;
169;GERAMAR I-unit13;Start-up;;;;;;;;;;;;;;;;;;;;
169;GERAMAR I-unit13;Shut-down;;;;;;;;;;;;;;;;;;;;
170;GERAMAR I-unit14;Start-up;;;;;;;;;;;;;;;;;;;;
170;GERAMAR I-unit14;Shut-down;;;;;;;;;;;;;;;;;;;;
171;GERAMAR I-unit15;Start-up;;;;;;;;;;;;;;;;;;;;
171;GERAMAR I-unit15;Shut-down;;;;;;;;;;;;;;;;;;;;
172;GERAMAR I-unit16;Start-up;;;;;;;;;;;;;;;;;;;;
172;GERAMAR I-unit16;Shut-down;;;;;;;;;;;;;;;;;;;;
173;GERAMAR I-unit17;Start-up;;;;;;;;;;;;;;;;;;;;
173;GERAMAR I-unit17;Shut-down;;;;;;;;;;;;;;;;;;;;
174;GERAMAR I-unit18;Start-up;;;;;;;;;;;;;;;;;;;;
174;GERAMAR I-unit18;Shut-down;;;;;;;;;;;;;;;;;;;;
175;GERAMAR I-unit19;Start-up;;;;;;;;;;;;;;;;;;;;
175;GERAMAR I-unit19;Shut-down;;;;;;;;;;;;;;;;;;;;
176;GERAMAR II-unit1;Start-up;;;;;;;;;;;;;;;;;;;;
176;GERAMAR II-unit1;Shut-down;;;;;;;;;;;;;;;;;;;;
177;GERAMAR II-unit2;Start-up;;;;;;;;;;;;;;;;;;;;
177;GERAMAR II-unit2;Shut-down;;;;;;;;;;;;;;;;;;;;
178;GERAMAR II-unit3;Start-up;;;;;;;;;;;;;;;;;;;;
178;GERAMAR II-unit3;Shut-down;;;;;;;;;;;;;;;;;;;;
179;GERAMAR II-unit4;Start-up;;;;;;;;;;;;;;;;;;;;
179;GERAMAR II-unit4;Shut-down;;;;;;;;;;;;;;;;;;;;
180;GERAMAR II-unit5;Start-up;;;;;;;;;;;;;;;;;;;;
180;GERAMAR II-unit5;Shut-down;;;;;;;;;;;;;;;;;;;;
181;GERAMAR II-unit6;Start-up;;;;;;;;;;;;;;;;;;;;
181;GERAMAR II-unit6;Shut-down;;;;;;;;;;;;;;;;;;;;
182;GERAMAR II-unit7;Start-up;;;;;;;;;;;;;;;;;;;;
182;GERAMAR II-unit7;Shut-down;;;;;;;;;;;;;;;;;;;;
183;GERAMAR II-unit8;Start-up;;;;;;;;;;;;;;;;;;;;
183;GERAMAR II-unit8;Shut-down;;;;;;;;;;;;;;;;;;;;
184;GERAMAR II-unit9;Start-up;;;;;;;;;;;;;;;;;;;;
184;GERAMAR II-unit9;Shut-down;;;;;;;;;;;;;;;;;;;;
185;GERAMAR II-unit10;Start-up;;;;;;;;;;;;;;;;;;;;
185;GERAMAR II-unit10;Shut-down;;;;;;;;;;;;;;;;;;;;
186;GERAMAR II-unit11;Start-up;;;;;;;;;;;;;;;;;;;;
186;GERAMAR II-unit11;Shut-down;;;;;;;;;;;;;;;;;;;;
187;GERAMAR II-unit12;Start-up;;;;;;;;;;;;;;;;;;;;
187;GERAMAR II-unit12;Shut-down;;;;;;;;;;;;;;;;;;;;
188;GERAMAR II-unit13;Start-up;;;;;;;;;;;;;;;;;;;;
188;GERAMAR II-unit13;Shut-down;;;;;;;;;;;;;;;;;;;;
189;GERAMAR II-unit14;Start-up;;;;;;;;;;;;;;;;;;;;
189;GERAMAR II-unit14;Shut-down;;;;;;;;;;;;;;;;;;;;
190;GERAMAR II-unit15;Start-up;;;;;;;;;;;;;;;;;;;;
190;GERAMAR II-unit15;Shut-down;;;;;;;;;;;;;;;;;;;;
191;GERAMAR II-unit16;Start-up;;;;;;;;;;;;;;;;;;;;
191;GERAMAR II-unit16;Shut-down;;;;;;;;;;;;;;;;;;;;
192;GERAMAR II-unit17;Start-up;;;;;;;;;;;;;;;;;;;;
192;GERAMAR II-unit17;Shut-down;;;;;;;;;;;;;;;;;;;;
193;GERAMAR II-unit18;Start-up;;;;;;;;;;;;;;;;;;;;
193;GERAMAR II-unit18;Shut-down;;;;;;;;;;;;;;;;;;;;
194;GERAMAR II-unit19;Start-up;;;;;;;;;;;;;;;;;;;;
194;GERAMAR II-unit19;Shut-down;;;;;;;;;;;;;;;;;;;;
165;UTE VIANA-unit1;Start-up;0;5;;;;;;;;;;;;;;;;;;
165;UTE VIANA-unit1;Shut-down;17.5;0;;;;;;;;;;;;;;;;;;
166;UTE VIANA-unit2;Start-up;0;5;;;;;;;;;;;;;;;;;;
166;UTE VIANA-unit2;Shut-down;17.5;0;;;;;;;;;;;;;;;;;;
167;UTE VIANA-unit3;Start-up;0;5;;;;;;;;;;;;;;;;;;
167;UTE VIANA-unit3;Shut-down;17.5;0;;;;;;;;;;;;;;;;;;
168;UTE VIANA-unit4;Start-up;0;5;;;;;;;;;;;;;;;;;;
168;UTE VIANA-unit4;Shut-down;17.5;0;;;;;;;;;;;;;;;;;;
169;CAMPINA GRAN-unit1;Start-up;0;12;;;;;;;;;;;;;;;;;;
169;CAMPINA GRAN-unit1;Shut-down;0;;;;;;;;;;;;;;;;;;;
170;CAMPINA GRAN-unit2;Start-up;0;12;;;;;;;;;;;;;;;;;;
170;CAMPINA GRAN-unit2;Shut-down;0;;;;;;;;;;;;;;;;;;;
171;CAMPINA GRAN-unit3;Start-up;0;12;;;;;;;;;;;;;;;;;;
171;CAMPINA GRAN-unit3;Shut-down;0;;;;;;;;;;;;;;;;;;;
172;CAMPINA GRAN-unit4;Start-up;0;12;;;;;;;;;;;;;;;;;;
172;CAMPINA GRAN-unit4;Shut-down;0;;;;;;;;;;;;;;;;;;;
173;SUAPE 2-unit1;Start-up;0;2.8;14;;;;;;;;;;;;;;;;;
173;SUAPE 2-unit1;Shut-down;9.2;3.9;0;;;;;;;;;;;;;;;;;
174;SUAPE 2-unit2;Start-up;0;2.8;14;;;;;;;;;;;;;;;;;
174;SUAPE 2-unit2;Shut-down;9.2;3.9;0;;;;;;;;;;;;;;;;;
175;SUAPE 2-unit3;Start-up;0;2.8;14;;;;;;;;;;;;;;;;;
175;SUAPE 2-unit3;Shut-down;9.2;3.9;0;;;;;;;;;;;;;;;;;
176;SUAPE 2-unit4;Start-up;0;2.8;14;;;;;;;;;;;;;;;;;
176;SUAPE 2-unit4;Shut-down;9.2;3.9;0;;;;;;;;;;;;;;;;;
177;SUAPE 2-unit5;Start-up;0;2.8;14;;;;;;;;;;;;;;;;;
177;SUAPE 2-unit5;Shut-down;9.2;3.9;0;;;;;;;;;;;;;;;;;
178;SUAPE 2-unit6;Start-up;0;2.8;14;;;;;;;;;;;;;;;;;
178;SUAPE 2-unit6;Shut-down;9.2;3.9;0;;;;;;;;;;;;;;;;;
179;SUAPE 2-unit7;Start-up;0;2.8;14;;;;;;;;;;;;;;;;;
179;SUAPE 2-unit7;Shut-down;9.2;3.9;0;;;;;;;;;;;;;;;;;
180;SUAPE 2-unit8;Start-up;0;2.8;14;;;;;;;;;;;;;;;;;
180;SUAPE 2-unit8;Shut-down;9.2;3.9;0;;;;;;;;;;;;;;;;;
181;SUAPE 2-unit9;Start-up;0;2.8;14;;;;;;;;;;;;;;;;;
181;SUAPE 2-unit9;Shut-down;9.2;3.9;0;;;;;;;;;;;;;;;;;
182;SUAPE 2-unit10;Start-up;0;2.8;14;;;;;;;;;;;;;;;;;
182;SUAPE 2-unit10;Shut-down;9.2;3.9;0;;;;;;;;;;;;;;;;;
183;SUAPE 2-unit11;Start-up;0;2.8;14;;;;;;;;;;;;;;;;;
183;SUAPE 2-unit11;Shut-down;9.2;3.9;0;;;;;;;;;;;;;;;;;
184;SUAPE 2-unit12;Start-up;0;2.8;14;;;;;;;;;;;;;;;;;
184;SUAPE 2-unit12;Shut-down;9.2;3.9;0;;;;;;;;;;;;;;;;;
185;SUAPE 2-unit13;Start-up;0;2.8;14;;;;;;;;;;;;;;;;;
185;SUAPE 2-unit13;Shut-down;9.2;3.9;0;;;;;;;;;;;;;;;;;
186;SUAPE 2-unit14;Start-up;0;2.8;14;;;;;;;;;;;;;;;;;
186;SUAPE 2-unit14;Shut-down;9.2;3.9;0;;;;;;;;;;;;;;;;;
187;SUAPE 2-unit15;Start-up;0;2.8;14;;;;;;;;;;;;;;;;;
187;SUAPE 2-unit15;Shut-down;9.2;3.9;0;;;;;;;;;;;;;;;;;
188;SUAPE 2-unit16;Start-up;0;2.8;14;;;;;;;;;;;;;;;;;
188;SUAPE 2-unit16;Shut-down;9.2;3.9;0;;;;;;;;;;;;;;;;;
189;SUAPE 2-unit17;Start-up;0;2.8;14;;;;;;;;;;;;;;;;;
189;SUAPE 2-unit17;Shut-down;9.2;3.9;0;;;;;;;;;;;;;;;;;
190;GLOBAL I-unit1;Start-up;0;7.5;22.5;;;;;;;;;;;;;;;;;
190;GLOBAL I-unit1;Shut-down;15;0;;;;;;;;;;;;;;;;;;
191;GLOBAL I-unit2;Start-up;0;7.5;22.5;;;;;;;;;;;;;;;;;
191;GLOBAL I-unit2;Shut-down;15;0;;;;;;;;;;;;;;;;;;
192;GLOBAL I-unit3;Start-up;0;7.5;22.5;;;;;;;;;;;;;;;;;
192;GLOBAL I-unit3;Shut-down;15;0;;;;;;;;;;;;;;;;;;
193;GLOBAL I-unit4;Start-up;0;7.5;22.5;;;;;;;;;;;;;;;;;
193;GLOBAL I-unit4;Shut-down;15;0;;;;;;;;;;;;;;;;;;
194;GLOBAL II-unit1;Start-up;0;7.5;22.5;;;;;;;;;;;;;;;;;
194;GLOBAL II-unit1;Shut-down;15;0;;;;;;;;;;;;;;;;;;
195;GLOBAL II-unit2;Start-up;0;7.5;22.5;;;;;;;;;;;;;;;;;
195;GLOBAL II-unit2;Shut-down;15;0;;;;;;;;;;;;;;;;;;
196;GLOBAL II-unit3;Start-up;0;7.5;22.5;;;;;;;;;;;;;;;;;
196;GLOBAL II-unit3;Shut-down;15;0;;;;;;;;;;;;;;;;;;
197;GLOBAL II-unit4;Start-up;0;7.5;22.5;;;;;;;;;;;;;;;;;
197;GLOBAL II-unit4;Shut-down;15;0;;;;;;;;;;;;;;;;;;
198;IGARAPE;Start-up;;;;;;;;;;;;;;;;;;;;
198;IGARAPE;Shut-down;;;;;;;;;;;;;;;;;;;;
199;CAMACARI MI-unit1;Start-up;0;9.3;;;;;;;;;;;;;;;;;;
199;CAMACARI MI-unit1;Shut-down;18.7;0;;;;;;;;;;;;;;;;;;
200;CAMACARI MI-unit2;Start-up;0;9.3;;;;;;;;;;;;;;;;;;
200;CAMACARI MI-unit2;Shut-down;14;0;;;;;;;;;;;;;;;;;;
201;CAMACARI MI-unit3;Start-up;0;9.3;;;;;;;;;;;;;;;;;;
201;CAMACARI MI-unit3;Shut-down;14;0;;;;;;;;;;;;;;;;;;
202;CAMACARI MI-unit4;Start-up;0;9.3;;;;;;;;;;;;;;;;;;
202;CAMACARI MI-unit4;Shut-down;14;0;;;;;;;;;;;;;;;;;;
203;MAUA 3-unit1;Start-up;;;;;;;;;;;;;;;;;;;;
203;MAUA 3-unit1;Shut-down;;;;;;;;;;;;;;;;;;;;
204;MAUA 3-unit2;Start-up;;;;;;;;;;;;;;;;;;;;
204;MAUA 3-unit2;Shut-down;;;;;;;;;;;;;;;;;;;;
205;MAUA 3-unit3;Start-up;;;;;;;;;;;;;;;;;;;;
205;MAUA 3-unit3;Shut-down;;;;;;;;;;;;;;;;;;;;
206;PERNAMBUCO3-unit1;Start-up;;;;;;;;;;;;;;;;;;;;
206;PERNAMBUCO3-unit1;Shut-down;;;;;;;;;;;;;;;;;;;;
207;PERNAMBUCO3-unit2;Start-up;;;;;;;;;;;;;;;;;;;;
207;PERNAMBUCO3-unit2;Shut-down;;;;;;;;;;;;;;;;;;;;
208;PERNAMBUCO3-unit3;Start-up;;;;;;;;;;;;;;;;;;;;
208;PERNAMBUCO3-unit3;Shut-down;;;;;;;;;;;;;;;;;;;;
209;PERNAMBUCO3-unit4;Start-up;;;;;;;;;;;;;;;;;;;;
209;PERNAMBUCO3-unit4;Shut-down;;;;;;;;;;;;;;;;;;;;
210;PALMEIRAS-unit1;Start-up;0;16;;;;;;;;;;;;;;;;;;
210;PALMEIRAS-unit1;Shut-down;32;0;;;;;;;;;;;;;;;;;;
211;PALMEIRAS-unit2;Start-up;0;16;;;;;;;;;;;;;;;;;;
211;PALMEIRAS-unit2;Shut-down;32;0;;;;;;;;;;;;;;;;;;
212;GOIANIA 2-unit1;Start-up;0;18;;;;;;;;;;;;;;;;;;
212;GOIANIA 2-unit1;Shut-down;36;0;;;;;;;;;;;;;;;;;;
213;GOIANIA 2-unit2;Start-up;0;18;;;;;;;;;;;;;;;;;;
213;GOIANIA 2-unit2;Shut-down;36;0;;;;;;;;;;;;;;;;;;
214;PETROLINA(L)-unit1;Start-up;0;4;;;;;;;;;;;;;;;;;;
214;PETROLINA(L)-unit1;Shut-down;10;0;;;;;;;;;;;;;;;;;;
215;PETROLINA(L)-unit2;Start-up;0;4;;;;;;;;;;;;;;;;;;
215;PETROLINA(L)-unit2;Shut-down;10;0;;;;;;;;;;;;;;;;;;
216;PETROLINA(L)-unit3;Start-up;0;4;;;;;;;;;;;;;;;;;;
216;PETROLINA(L)-unit3;Shut-down;10;0;;;;;;;;;;;;;;;;;;
217;PETROLINA(L)-unit4;Start-up;0;4;;;;;;;;;;;;;;;;;;
217;PETROLINA(L)-unit4;Shut-down;10;0;;;;;;;;;;;;;;;;;;
218;PETROLINA(L)-unit5;Start-up;0;4;;;;;;;;;;;;;;;;;;
218;PETROLINA(L)-unit5;Shut-down;10;0;;;;;;;;;;;;;;;;;;
219;PETROLINA(L)-unit6;Start-up;0;4;;;;;;;;;;;;;;;;;;
219;PETROLINA(L)-unit6;Shut-down;10;0;;;;;;;;;;;;;;;;;;
220;PETROLINA(L)-unit7;Start-up;0;4;;;;;;;;;;;;;;;;;;
220;PETROLINA(L)-unit7;Shut-down;10;0;;;;;;;;;;;;;;;;;;
221;PETROLINA(L)-unit8;Start-up;0;4;;;;;;;;;;;;;;;;;;
221;PETROLINA(L)-unit8;Shut-down;10;0;;;;;;;;;;;;;;;;;;
222;P.FERRO-unit1;Start-up;;;;;;;;;;;;;;;;;;;;
222;P.FERRO-unit1;Shut-down;;;;;;;;;;;;;;;;;;;;
223;P.FERRO-unit2;Start-up;;;;;;;;;;;;;;;;;;;;
223;P.FERRO-unit2;Shut-down;;;;;;;;;;;;;;;;;;;;
224;P.FERRO-unit3;Start-up;;;;;;;;;;;;;;;;;;;;
224;P.FERRO-unit3;Shut-down;;;;;;;;;;;;;;;;;;;;
225;P.FERRO-unit4;Start-up;;;;;;;;;;;;;;;;;;;;
225;P.FERRO-unit4;Shut-down;;;;;;;;;;;;;;;;;;;;
226;P.FERRO-unit5;Start-up;;;;;;;;;;;;;;;;;;;;
226;P.FERRO-unit5;Shut-down;;;;;;;;;;;;;;;;;;;;
227;P.FERRO-unit6;Start-up;;;;;;;;;;;;;;;;;;;;
227;P.FERRO-unit6;Shut-down;;;;;;;;;;;;;;;;;;;;
228;P.FERRO-unit7;Start-up;;;;;;;;;;;;;;;;;;;;
228;P.FERRO-unit7;Shut-down;;;;;;;;;;;;;;;;;;;;
229;T.MANAUS-unit1;Start-up;0;2.2;;;;;;;;;;;;;;;;;;
229;T.MANAUS-unit1;Shut-down;0;;;;;;;;;;;;;;;;;;;
230;T.MANAUS-unit2;Start-up;0;4.9;;;;;;;;;;;;;;;;;;
230;T.MANAUS-unit2;Shut-down;0;;;;;;;;;;;;;;;;;;;
231;T.MANAUS-unit3;Start-up;0;4.4;;;;;;;;;;;;;;;;;;
231;T.MANAUS-unit3;Shut-down;0;;;;;;;;;;;;;;;;;;;
232;T.MANAUS-unit4;Start-up;0;4.9;;;;;;;;;;;;;;;;;;
232;T.MANAUS-unit4;Shut-down;0;;;;;;;;;;;;;;;;;;;
233;T.MANAUS-unit5;Start-up;0;4.4;;;;;;;;;;;;;;;;;;
233;T.MANAUS-unit5;Shut-down;0;;;;;;;;;;;;;;;;;;;
234;T.MANAUS-unit6;Start-up;0;4.9;;;;;;;;;;;;;;;;;;
234;T.MANAUS-unit6;Shut-down;0;;;;;;;;;;;;;;;;;;;
235;T.MANAUS-unit7;Start-up;0;1.7;;;;;;;;;;;;;;;;;;
235;T.MANAUS-unit7;Shut-down;0;;;;;;;;;;;;;;;;;;;
236;T.MANAUS-unit8;Start-up;0;4.4;;;;;;;;;;;;;;;;;;
236;T.MANAUS-unit8;Shut-down;0;;;;;;;;;;;;;;;;;;;
237;T.MANAUS-unit9;Start-up;0;4.9;;;;;;;;;;;;;;;;;;
237;T.MANAUS-unit9;Shut-down;0;;;;;;;;;;;;;;;;;;;
238;T.MANAUS-unit10;Start-up;0;4.4;;;;;;;;;;;;;;;;;;
238;T.MANAUS-unit10;Shut-down;0;;;;;;;;;;;;;;;;;;;
239;T.MANAUS-unit11;Start-up;0;4.9;;;;;;;;;;;;;;;;;;
239;T.MANAUS-unit11;Shut-down;0;;;;;;;;;;;;;;;;;;;
240;T.MANAUS-unit12;Start-up;0;4.4;;;;;;;;;;;;;;;;;;
240;T.MANAUS-unit12;Shut-down;0;;;;;;;;;;;;;;;;;;;
241;ATLANTICO-unit1;Start-up;0;40;;;;;;;;;;;;;;;;;;
241;ATLANTICO-unit1;Shut-down;0;;;;;;;;;;;;;;;;;;;
242;ATLANTICO-unit2;Start-up;0;40;;;;;;;;;;;;;;;;;;
242;ATLANTICO-unit2;Shut-down;0;;;;;;;;;;;;;;;;;;;
243;ATLANTICO 2;Start-up;;;;;;;;;;;;;;;;;;;;
243;ATLANTICO 2;Shut-down;;;;;;;;;;;;;;;;;;;;
244;S.CRUZ 34-unit1;Start-up;;;;;;;;;;;;;;;;;;;;
244;S.CRUZ 34-unit1;Shut-down;;;;;;;;;;;;;;;;;;;;
245;S.CRUZ 34-unit2;Start-up;;;;;;;;;;;;;;;;;;;;
245;S.CRUZ 34-unit2;Shut-down;;;;;;;;;;;;;;;;;;;;
246;S.CRUZ NV-unit1;Start-up;0;33;;;;;;;;;;;;;;;;;;
246;S.CRUZ NV-unit1;Shut-down;66;0;;;;;;;;;;;;;;;;;;
247;S.CRUZ NV-unit2;Start-up;0;33;;;;;;;;;;;;;;;;;;
247;S.CRUZ NV-unit2;Shut-down;66;0;;;;;;;;;;;;;;;;;;
248;PIRATININGA 12-unit1;Start-up;;;;;;;;;;;;;;;;;;;;
248;PIRATININGA 12-unit1;Shut-down;;;;;;;;;;;;;;;;;;;;
249;PIRATININGA 12-unit2;Start-up;;;;;;;;;;;;;;;;;;;;
249;PIRATININGA 12-unit2;Shut-down;;;;;;;;;;;;;;;;;;;;
250;CAMPOS-unit1;Start-up;;;;;;;;;;;;;;;;;;;;
250;CAMPOS-unit1;Shut-down;;;;;;;;;;;;;;;;;;;;
251;CAMPOS-unit2;Start-up;;;;;;;;;;;;;;;;;;;;
251;CAMPOS-unit2;Shut-down;;;;;;;;;;;;;;;;;;;;
252;DAIA-unit1;Start-up;;;;;;;;;;;;;;;;;;;;
252;DAIA-unit1;Shut-down;;;;;;;;;;;;;;;;;;;;
253;DAIA-unit2;Start-up;;;;;;;;;;;;;;;;;;;;
253;DAIA-unit2;Shut-down;;;;;;;;;;;;;;;;;;;;
254;DAIA-unit3;Start-up;;;;;;;;;;;;;;;;;;;;
254;DAIA-unit3;Shut-down;;;;;;;;;;;;;;;;;;;;
255;STA VITORIA;Start-up;0;5;10;;;;;;;;;;;;;;;;;
255;STA VITORIA;Shut-down;0;;;;;;;;;;;;;;;;;;;
256;XAVANTES-unit1;Start-up;;;;;;;;;;;;;;;;;;;;
256;XAVANTES-unit1;Shut-down;;;;;;;;;;;;;;;;;;;;
257;XAVANTES-unit2;Start-up;;;;;;;;;;;;;;;;;;;;
257;XAVANTES-unit2;Shut-down;;;;;;;;;;;;;;;;;;;;
258;ALTOS;Start-up;;;;;;;;;;;;;;;;;;;;
258;ALTOS;Shut-down;;;;;;;;;;;;;;;;;;;;
259;ARACATI;Start-up;;;;;;;;;;;;;;;;;;;;
259;ARACATI;Shut-down;;;;;;;;;;;;;;;;;;;;
260;BAHIA-unit1;Start-up;0;4;;;;;;;;;;;;;;;;;;
260;BAHIA-unit1;Shut-down;0;;;;;;;;;;;;;;;;;;;
261;BAHIA-unit2;Start-up;0;4;;;;;;;;;;;;;;;;;;
261;BAHIA-unit2;Shut-down;0;;;;;;;;;;;;;;;;;;;
262;BAHIA-unit3;Start-up;0;4;;;;;;;;;;;;;;;;;;
262;BAHIA-unit3;Shut-down;0;;;;;;;;;;;;;;;;;;;
263;BATURITE;Start-up;;;;;;;;;;;;;;;;;;;;
263;BATURITE;Shut-down;;;;;;;;;;;;;;;;;;;;
264;IGUATU;Start-up;;;;;;;;;;;;;;;;;;;;
264;IGUATU;Shut-down;;;;;;;;;;;;;;;;;;;;
265;JUAZEIRO N;Start-up;;;;;;;;;;;;;;;;;;;;
265;JUAZEIRO N;Shut-down;;;;;;;;;;;;;;;;;;;;
266;MARAMBAIA;Start-up;;;;;;;;;;;;;;;;;;;;
266;MARAMBAIA;Shut-down;;;;;;;;;;;;;;;;;;;;
267;MURICY-unit1;Start-up;;;;;;;;;;;;;;;;;;;;
267;MURICY-unit1;Shut-down;;;;;;;;;;;;;;;;;;;;
268;MURICY-unit2;Start-up;;;;;;;;;;;;;;;;;;;;
268;MURICY-unit2;Shut-down;;;;;;;;;;;;;;;;;;;;
269;MURICY-unit3;Start-up;;;;;;;;;;;;;;;;;;;;
269;MURICY-unit3;Shut-down;;;;;;;;;;;;;;;;;;;;
270;MURICY-unit4;Start-up;;;;;;;;;;;;;;;;;;;;
270;MURICY-unit4;Shut-down;;;;;;;;;;;;;;;;;;;;
271;MURICY-unit5;Start-up;;;;;;;;;;;;;;;;;;;;
271;MURICY-unit5;Shut-down;;;;;;;;;;;;;;;;;;;;
272;MURICY-unit6;Start-up;;;;;;;;;;;;;;;;;;;;
272;MURICY-unit6;Shut-down;;;;;;;;;;;;;;;;;;;;
273;MURICY-unit7;Start-up;;;;;;;;;;;;;;;;;;;;
273;MURICY-unit7;Shut-down;;;;;;;;;;;;;;;;;;;;
274;MURICY-unit8;Start-up;;;;;;;;;;;;;;;;;;;;
274;MURICY-unit8;Shut-down;;;;;;;;;;;;;;;;;;;;
275;NAZARIA;Start-up;;;;;;;;;;;;;;;;;;;;
275;NAZARIA;Shut-down;;;;;;;;;;;;;;;;;;;;
276;PSERGIPE I-gas1;Start-up;0;10;20;30;40;;;;;;;;;;;;;;;
276;PSERGIPE I-gas1;Shut-down;40;30;20;10;0;;;;;;;;;;;;;;;
277;PSERGIPE I-gas2;Start-up;0;10;20;30;40;;;;;;;;;;;;;;;
277;PSERGIPE I-gas2;Shut-down;40;30;20;10;0;;;;;;;;;;;;;;;
278;PSERGIPE I-gas3;Start-up;0;10;20;30;40;;;;;;;;;;;;;;;
278;PSERGIPE I-gas3;Shut-down;40;30;20;10;0;;;;;;;;;;;;;;;
279;PSERGIPE I-steam;Start-up;0;10;20;30;40;;;;;;;;;;;;;;;
279;PSERGIPE I-steam;Shut-down;40;30;20;10;0;;;;;;;;;;;;;;;
283;POTIGUAR-unit1;Start-up;;;;;;;;;;;;;;;;;;;;
283;POTIGUAR-unit1;Shut-down;;;;;;;;;;;;;;;;;;;;
284;POTIGUAR-unit2;Start-up;;;;;;;;;;;;;;;;;;;;
284;POTIGUAR-unit2;Shut-down;;;;;;;;;;;;;;;;;;;;
285;POTIGUAR-unit3;Start-up;;;;;;;;;;;;;;;;;;;;
285;POTIGUAR-unit3;Shut-down;;;;;;;;;;;;;;;;;;;;
286;POTIGUAR-unit4;Start-up;;;;;;;;;;;;;;;;;;;;
286;POTIGUAR-unit4;Shut-down;;;;;;;;;;;;;;;;;;;;
287;POTIGUAR_3-unit1;Start-up;;;;;;;;;;;;;;;;;;;;
287;POTIGUAR_3-unit1;Shut-down;;;;;;;;;;;;;;;;;;;;
288;POTIGUAR_3-unit2;Start-up;;;;;;;;;;;;;;;;;;;;
288;POTIGUAR_3-unit2;Shut-down;;;;;;;;;;;;;;;;;;;;
289;POTIGUAR_3-unit3;Start-up;;;;;;;;;;;;;;;;;;;;
289;POTIGUAR_3-unit3;Shut-down;;;;;;;;;;;;;;;;;;;;
290;POTIGUAR_3-unit4;Start-up;;;;;;;;;;;;;;;;;;;;
290;POTIGUAR_3-unit4;Shut-down;;;;;;;;;;;;;;;;;;;;
291;POTIGUAR_3-unit5;Start-up;;;;;;;;;;;;;;;;;;;;
291;POTIGUAR_3-unit5;Shut-down;;;;;;;;;;;;;;;;;;;;
292;POTIGUAR_3-unit6;Start-up;;;;;;;;;;;;;;;;;;;;
292;POTIGUAR_3-unit6;Shut-down;;;;;;;;;;;;;;;;;;;;
293;PROSPERIDA-unit1;Start-up;;;;;;;;;;;;;;;;;;;;
293;PROSPERIDA-unit1;Shut-down;;;;;;;;;;;;;;;;;;;;
294;PROSPERIDA-unit2;Start-up;;;;;;;;;;;;;;;;;;;;
294;PROSPERIDA-unit2;Shut-down;;;;;;;;;;;;;;;;;;;;
295;PROSPERIDA-unit3;Start-up;;;;;;;;;;;;;;;;;;;;
295;PROSPERIDA-unit3;Shut-down;;;;;;;;;;;;;;;;;;;;
296;SYKUE I;Start-up;0;6;12;;;;;;;;;;;;;;;;;
296;SYKUE I;Shut-down;12;6;0;;;;;;;;;;;;;;;;;
297;TERMOCABO-unit1;Start-up;0;10;10;;;;;;;;;;;;;;;;;
297;TERMOCABO-unit1;Shut-down;0;;;;;;;;;;;;;;;;;;;
298;TERMOCABO-unit2;Start-up;0;10;10;;;;;;;;;;;;;;;;;
298;TERMOCABO-unit2;Shut-down;0;;;;;;;;;;;;;;;;;;;
299;TERMOCABO-unit3;Start-up;0;10;10;;;;;;;;;;;;;;;;;
299;TERMOCABO-unit3;Shut-down;0;;;;;;;;;;;;;;;;;;;
300;PARNAIB_IV;Start-up;0;17;34;;;;;;;;;;;;;;;;;
300;PARNAIB_IV;Shut-down;34;17;0;;;;;;;;;;;;;;;;;
</END>;;;;;;;;;;;;;;;;;;;;;;
